--
-- PostgreSQL database dump
--

-- Dumped from database version 16.4
-- Dumped by pg_dump version 16.4

SET statement_timeout = 0;
SET lock_timeout = 0;
SET idle_in_transaction_session_timeout = 0;
SET client_encoding = 'UTF8';
SET standard_conforming_strings = on;
SELECT pg_catalog.set_config('search_path', '', false);
SET check_function_bodies = false;
SET xmloption = content;
SET client_min_messages = warning;
SET row_security = off;

DROP DATABASE eventdb;
--
-- Name: eventdb; Type: DATABASE; Schema: -; Owner: postgres
--

CREATE DATABASE eventdb WITH TEMPLATE = template0 ENCODING = 'UTF8' LOCALE_PROVIDER = libc LOCALE = 'Spanish_Mexico.1252';


ALTER DATABASE eventdb OWNER TO postgres;

\connect eventdb

SET statement_timeout = 0;
SET lock_timeout = 0;
SET idle_in_transaction_session_timeout = 0;
SET client_encoding = 'UTF8';
SET standard_conforming_strings = on;
SELECT pg_catalog.set_config('search_path', '', false);
SET check_function_bodies = false;
SET xmloption = content;
SET client_min_messages = warning;
SET row_security = off;

--
-- Name: eventdb; Type: DATABASE PROPERTIES; Schema: -; Owner: postgres
--

ALTER DATABASE eventdb CONNECTION LIMIT = 100;


\connect eventdb

SET statement_timeout = 0;
SET lock_timeout = 0;
SET idle_in_transaction_session_timeout = 0;
SET client_encoding = 'UTF8';
SET standard_conforming_strings = on;
SELECT pg_catalog.set_config('search_path', '', false);
SET check_function_bodies = false;
SET xmloption = content;
SET client_min_messages = warning;
SET row_security = off;

SET default_tablespace = '';

SET default_table_access_method = heap;

--
-- Name: accounts_customuser; Type: TABLE; Schema: public; Owner: postgres
--

CREATE TABLE public.accounts_customuser (
    id bigint NOT NULL,
    password character varying(128) NOT NULL,
    last_login timestamp with time zone,
    email character varying(254) NOT NULL,
    name character varying(200) NOT NULL,
    phone character varying(15) NOT NULL,
    occupation character varying(50) NOT NULL,
    company character varying(50) NOT NULL,
    ticket integer,
    is_active boolean NOT NULL,
    is_superuser boolean NOT NULL,
    country_id bigint,
    municipality_id bigint,
    state_id bigint,
    created timestamp with time zone NOT NULL
);


ALTER TABLE public.accounts_customuser OWNER TO postgres;

--
-- Name: accounts_customuser_id_seq; Type: SEQUENCE; Schema: public; Owner: postgres
--

ALTER TABLE public.accounts_customuser ALTER COLUMN id ADD GENERATED BY DEFAULT AS IDENTITY (
    SEQUENCE NAME public.accounts_customuser_id_seq
    START WITH 1
    INCREMENT BY 1
    NO MINVALUE
    NO MAXVALUE
    CACHE 1
);


--
-- Name: auth_group; Type: TABLE; Schema: public; Owner: postgres
--

CREATE TABLE public.auth_group (
    id integer NOT NULL,
    name character varying(150) NOT NULL
);


ALTER TABLE public.auth_group OWNER TO postgres;

--
-- Name: auth_group_id_seq; Type: SEQUENCE; Schema: public; Owner: postgres
--

ALTER TABLE public.auth_group ALTER COLUMN id ADD GENERATED BY DEFAULT AS IDENTITY (
    SEQUENCE NAME public.auth_group_id_seq
    START WITH 1
    INCREMENT BY 1
    NO MINVALUE
    NO MAXVALUE
    CACHE 1
);


--
-- Name: auth_group_permissions; Type: TABLE; Schema: public; Owner: postgres
--

CREATE TABLE public.auth_group_permissions (
    id bigint NOT NULL,
    group_id integer NOT NULL,
    permission_id integer NOT NULL
);


ALTER TABLE public.auth_group_permissions OWNER TO postgres;

--
-- Name: auth_group_permissions_id_seq; Type: SEQUENCE; Schema: public; Owner: postgres
--

ALTER TABLE public.auth_group_permissions ALTER COLUMN id ADD GENERATED BY DEFAULT AS IDENTITY (
    SEQUENCE NAME public.auth_group_permissions_id_seq
    START WITH 1
    INCREMENT BY 1
    NO MINVALUE
    NO MAXVALUE
    CACHE 1
);


--
-- Name: auth_permission; Type: TABLE; Schema: public; Owner: postgres
--

CREATE TABLE public.auth_permission (
    id integer NOT NULL,
    name character varying(255) NOT NULL,
    content_type_id integer NOT NULL,
    codename character varying(100) NOT NULL
);


ALTER TABLE public.auth_permission OWNER TO postgres;

--
-- Name: auth_permission_id_seq; Type: SEQUENCE; Schema: public; Owner: postgres
--

ALTER TABLE public.auth_permission ALTER COLUMN id ADD GENERATED BY DEFAULT AS IDENTITY (
    SEQUENCE NAME public.auth_permission_id_seq
    START WITH 1
    INCREMENT BY 1
    NO MINVALUE
    NO MAXVALUE
    CACHE 1
);


--
-- Name: authtoken_token; Type: TABLE; Schema: public; Owner: postgres
--

CREATE TABLE public.authtoken_token (
    key character varying(40) NOT NULL,
    created timestamp with time zone NOT NULL,
    user_id bigint NOT NULL
);


ALTER TABLE public.authtoken_token OWNER TO postgres;

--
-- Name: django_admin_log; Type: TABLE; Schema: public; Owner: postgres
--

CREATE TABLE public.django_admin_log (
    id integer NOT NULL,
    action_time timestamp with time zone NOT NULL,
    object_id text,
    object_repr character varying(200) NOT NULL,
    action_flag smallint NOT NULL,
    change_message text NOT NULL,
    content_type_id integer,
    user_id bigint NOT NULL,
    CONSTRAINT django_admin_log_action_flag_check CHECK ((action_flag >= 0))
);


ALTER TABLE public.django_admin_log OWNER TO postgres;

--
-- Name: django_admin_log_id_seq; Type: SEQUENCE; Schema: public; Owner: postgres
--

ALTER TABLE public.django_admin_log ALTER COLUMN id ADD GENERATED BY DEFAULT AS IDENTITY (
    SEQUENCE NAME public.django_admin_log_id_seq
    START WITH 1
    INCREMENT BY 1
    NO MINVALUE
    NO MAXVALUE
    CACHE 1
);


--
-- Name: django_content_type; Type: TABLE; Schema: public; Owner: postgres
--

CREATE TABLE public.django_content_type (
    id integer NOT NULL,
    app_label character varying(100) NOT NULL,
    model character varying(100) NOT NULL
);


ALTER TABLE public.django_content_type OWNER TO postgres;

--
-- Name: django_content_type_id_seq; Type: SEQUENCE; Schema: public; Owner: postgres
--

ALTER TABLE public.django_content_type ALTER COLUMN id ADD GENERATED BY DEFAULT AS IDENTITY (
    SEQUENCE NAME public.django_content_type_id_seq
    START WITH 1
    INCREMENT BY 1
    NO MINVALUE
    NO MAXVALUE
    CACHE 1
);


--
-- Name: django_migrations; Type: TABLE; Schema: public; Owner: postgres
--

CREATE TABLE public.django_migrations (
    id bigint NOT NULL,
    app character varying(255) NOT NULL,
    name character varying(255) NOT NULL,
    applied timestamp with time zone NOT NULL
);


ALTER TABLE public.django_migrations OWNER TO postgres;

--
-- Name: django_migrations_id_seq; Type: SEQUENCE; Schema: public; Owner: postgres
--

ALTER TABLE public.django_migrations ALTER COLUMN id ADD GENERATED BY DEFAULT AS IDENTITY (
    SEQUENCE NAME public.django_migrations_id_seq
    START WITH 1
    INCREMENT BY 1
    NO MINVALUE
    NO MAXVALUE
    CACHE 1
);


--
-- Name: django_session; Type: TABLE; Schema: public; Owner: postgres
--

CREATE TABLE public.django_session (
    session_key character varying(40) NOT NULL,
    session_data text NOT NULL,
    expire_date timestamp with time zone NOT NULL
);


ALTER TABLE public.django_session OWNER TO postgres;

--
-- Name: events_activity; Type: TABLE; Schema: public; Owner: postgres
--

CREATE TABLE public.events_activity (
    id bigint NOT NULL,
    title_activity character varying(250) NOT NULL,
    slug character varying(250) NOT NULL,
    description text NOT NULL,
    start_datetime timestamp with time zone NOT NULL,
    event_id bigint NOT NULL,
    room_id bigint NOT NULL,
    author character varying(250) NOT NULL,
    end_datetime timestamp with time zone NOT NULL
);


ALTER TABLE public.events_activity OWNER TO postgres;

--
-- Name: events_activity_id_seq; Type: SEQUENCE; Schema: public; Owner: postgres
--

ALTER TABLE public.events_activity ALTER COLUMN id ADD GENERATED BY DEFAULT AS IDENTITY (
    SEQUENCE NAME public.events_activity_id_seq
    START WITH 1
    INCREMENT BY 1
    NO MINVALUE
    NO MAXVALUE
    CACHE 1
);


--
-- Name: events_event; Type: TABLE; Schema: public; Owner: postgres
--

CREATE TABLE public.events_event (
    id bigint NOT NULL,
    name_event character varying(250) NOT NULL,
    description text NOT NULL,
    initial_date date NOT NULL,
    end_date date NOT NULL,
    program character varying(100) NOT NULL,
    logo character varying(100) NOT NULL
);


ALTER TABLE public.events_event OWNER TO postgres;

--
-- Name: events_event_id_seq; Type: SEQUENCE; Schema: public; Owner: postgres
--

ALTER TABLE public.events_event ALTER COLUMN id ADD GENERATED BY DEFAULT AS IDENTITY (
    SEQUENCE NAME public.events_event_id_seq
    START WITH 1
    INCREMENT BY 1
    NO MINVALUE
    NO MAXVALUE
    CACHE 1
);


--
-- Name: events_images; Type: TABLE; Schema: public; Owner: postgres
--

CREATE TABLE public.events_images (
    id bigint NOT NULL,
    image character varying(100) NOT NULL,
    event_id bigint NOT NULL
);


ALTER TABLE public.events_images OWNER TO postgres;

--
-- Name: events_images_id_seq; Type: SEQUENCE; Schema: public; Owner: postgres
--

ALTER TABLE public.events_images ALTER COLUMN id ADD GENERATED BY DEFAULT AS IDENTITY (
    SEQUENCE NAME public.events_images_id_seq
    START WITH 1
    INCREMENT BY 1
    NO MINVALUE
    NO MAXVALUE
    CACHE 1
);


--
-- Name: events_room; Type: TABLE; Schema: public; Owner: postgres
--

CREATE TABLE public.events_room (
    id bigint NOT NULL,
    name_room character varying(250) NOT NULL,
    event_id bigint
);


ALTER TABLE public.events_room OWNER TO postgres;

--
-- Name: events_room_id_seq; Type: SEQUENCE; Schema: public; Owner: postgres
--

ALTER TABLE public.events_room ALTER COLUMN id ADD GENERATED BY DEFAULT AS IDENTITY (
    SEQUENCE NAME public.events_room_id_seq
    START WITH 1
    INCREMENT BY 1
    NO MINVALUE
    NO MAXVALUE
    CACHE 1
);


--
-- Name: events_schedule; Type: TABLE; Schema: public; Owner: postgres
--

CREATE TABLE public.events_schedule (
    id bigint NOT NULL,
    created_at timestamp with time zone NOT NULL,
    activity_id bigint NOT NULL,
    user_id bigint NOT NULL
);


ALTER TABLE public.events_schedule OWNER TO postgres;

--
-- Name: events_schedule_id_seq; Type: SEQUENCE; Schema: public; Owner: postgres
--

ALTER TABLE public.events_schedule ALTER COLUMN id ADD GENERATED BY DEFAULT AS IDENTITY (
    SEQUENCE NAME public.events_schedule_id_seq
    START WITH 1
    INCREMENT BY 1
    NO MINVALUE
    NO MAXVALUE
    CACHE 1
);


--
-- Name: events_sponsor; Type: TABLE; Schema: public; Owner: postgres
--

CREATE TABLE public.events_sponsor (
    id bigint NOT NULL,
    name character varying(250) NOT NULL,
    link character varying(500) NOT NULL,
    logo character varying(100) NOT NULL,
    event_id bigint NOT NULL,
    tier character varying(12) NOT NULL
);


ALTER TABLE public.events_sponsor OWNER TO postgres;

--
-- Name: events_sponsor_id_seq; Type: SEQUENCE; Schema: public; Owner: postgres
--

ALTER TABLE public.events_sponsor ALTER COLUMN id ADD GENERATED BY DEFAULT AS IDENTITY (
    SEQUENCE NAME public.events_sponsor_id_seq
    START WITH 1
    INCREMENT BY 1
    NO MINVALUE
    NO MAXVALUE
    CACHE 1
);


--
-- Name: geodata_country; Type: TABLE; Schema: public; Owner: postgres
--

CREATE TABLE public.geodata_country (
    id bigint NOT NULL,
    name character varying(250) NOT NULL
);


ALTER TABLE public.geodata_country OWNER TO postgres;

--
-- Name: geodata_country_id_seq; Type: SEQUENCE; Schema: public; Owner: postgres
--

ALTER TABLE public.geodata_country ALTER COLUMN id ADD GENERATED BY DEFAULT AS IDENTITY (
    SEQUENCE NAME public.geodata_country_id_seq
    START WITH 1
    INCREMENT BY 1
    NO MINVALUE
    NO MAXVALUE
    CACHE 1
);


--
-- Name: geodata_municipality; Type: TABLE; Schema: public; Owner: postgres
--

CREATE TABLE public.geodata_municipality (
    id bigint NOT NULL,
    name character varying(250) NOT NULL,
    state_id bigint NOT NULL
);


ALTER TABLE public.geodata_municipality OWNER TO postgres;

--
-- Name: geodata_municipality_id_seq; Type: SEQUENCE; Schema: public; Owner: postgres
--

ALTER TABLE public.geodata_municipality ALTER COLUMN id ADD GENERATED BY DEFAULT AS IDENTITY (
    SEQUENCE NAME public.geodata_municipality_id_seq
    START WITH 1
    INCREMENT BY 1
    NO MINVALUE
    NO MAXVALUE
    CACHE 1
);


--
-- Name: geodata_state; Type: TABLE; Schema: public; Owner: postgres
--

CREATE TABLE public.geodata_state (
    id bigint NOT NULL,
    name character varying(250) NOT NULL,
    country_id bigint NOT NULL
);


ALTER TABLE public.geodata_state OWNER TO postgres;

--
-- Name: geodata_state_id_seq; Type: SEQUENCE; Schema: public; Owner: postgres
--

ALTER TABLE public.geodata_state ALTER COLUMN id ADD GENERATED BY DEFAULT AS IDENTITY (
    SEQUENCE NAME public.geodata_state_id_seq
    START WITH 1
    INCREMENT BY 1
    NO MINVALUE
    NO MAXVALUE
    CACHE 1
);


--
-- Data for Name: accounts_customuser; Type: TABLE DATA; Schema: public; Owner: postgres
--

INSERT INTO public.accounts_customuser VALUES (1, 'pbkdf2_sha256$600000$bTCZQXQtNGwtOWxJsAd9Rj$EVUzZelNC10DiYw1E0Rlr70xqV8bbow3uFAiyOY8R2w=', '2024-12-27 20:28:27.002201-06', 'sistemas@apeajal.com', 'Apeajal', '3411516781', 'Encargado de sistemas', 'Apeajal', NULL, true, true, NULL, NULL, NULL, '2024-08-12 13:49:10.763667-06');
INSERT INTO public.accounts_customuser VALUES (16, 'pbkdf2_sha256$600000$auF08KEaZaS5r8FHWVkpW6$9Nb/M+PTiAJ5WSk9Zo4VXa2LzKEseOuJzdW43Raa/mM=', NULL, 'user@gmail.com', 'user', '3751197174', 'Developer', 'Tech Corp', 12345, true, false, 1, NULL, 1, '2024-12-29 20:01:50.79933-06');
INSERT INTO public.accounts_customuser VALUES (17, 'pbkdf2_sha256$600000$5KwoaocrsP58T3ivXztpeL$TinX65iXP7GOiAAuZ1xzq4cb/1mfWr0u6JZ/cCKYcC0=', NULL, 'davidfregosoleon12@gmail.com', 'david fregoso leon', '3751197174', 'Developer', 'Tech Corp', 12345, true, false, 1, NULL, 1, '2024-12-30 14:42:38.638102-06');


--
-- Data for Name: auth_group; Type: TABLE DATA; Schema: public; Owner: postgres
--



--
-- Data for Name: auth_group_permissions; Type: TABLE DATA; Schema: public; Owner: postgres
--



--
-- Data for Name: auth_permission; Type: TABLE DATA; Schema: public; Owner: postgres
--

INSERT INTO public.auth_permission VALUES (1, 'Can add log entry', 1, 'add_logentry');
INSERT INTO public.auth_permission VALUES (2, 'Can change log entry', 1, 'change_logentry');
INSERT INTO public.auth_permission VALUES (3, 'Can delete log entry', 1, 'delete_logentry');
INSERT INTO public.auth_permission VALUES (4, 'Can view log entry', 1, 'view_logentry');
INSERT INTO public.auth_permission VALUES (5, 'Can add permission', 2, 'add_permission');
INSERT INTO public.auth_permission VALUES (6, 'Can change permission', 2, 'change_permission');
INSERT INTO public.auth_permission VALUES (7, 'Can delete permission', 2, 'delete_permission');
INSERT INTO public.auth_permission VALUES (8, 'Can view permission', 2, 'view_permission');
INSERT INTO public.auth_permission VALUES (9, 'Can add group', 3, 'add_group');
INSERT INTO public.auth_permission VALUES (10, 'Can change group', 3, 'change_group');
INSERT INTO public.auth_permission VALUES (11, 'Can delete group', 3, 'delete_group');
INSERT INTO public.auth_permission VALUES (12, 'Can view group', 3, 'view_group');
INSERT INTO public.auth_permission VALUES (13, 'Can add content type', 4, 'add_contenttype');
INSERT INTO public.auth_permission VALUES (14, 'Can change content type', 4, 'change_contenttype');
INSERT INTO public.auth_permission VALUES (15, 'Can delete content type', 4, 'delete_contenttype');
INSERT INTO public.auth_permission VALUES (16, 'Can view content type', 4, 'view_contenttype');
INSERT INTO public.auth_permission VALUES (17, 'Can add session', 5, 'add_session');
INSERT INTO public.auth_permission VALUES (18, 'Can change session', 5, 'change_session');
INSERT INTO public.auth_permission VALUES (19, 'Can delete session', 5, 'delete_session');
INSERT INTO public.auth_permission VALUES (20, 'Can view session', 5, 'view_session');
INSERT INTO public.auth_permission VALUES (21, 'Can add Token', 6, 'add_token');
INSERT INTO public.auth_permission VALUES (22, 'Can change Token', 6, 'change_token');
INSERT INTO public.auth_permission VALUES (23, 'Can delete Token', 6, 'delete_token');
INSERT INTO public.auth_permission VALUES (24, 'Can view Token', 6, 'view_token');
INSERT INTO public.auth_permission VALUES (25, 'Can add token', 7, 'add_tokenproxy');
INSERT INTO public.auth_permission VALUES (26, 'Can change token', 7, 'change_tokenproxy');
INSERT INTO public.auth_permission VALUES (27, 'Can delete token', 7, 'delete_tokenproxy');
INSERT INTO public.auth_permission VALUES (28, 'Can view token', 7, 'view_tokenproxy');
INSERT INTO public.auth_permission VALUES (29, 'Can add event', 8, 'add_event');
INSERT INTO public.auth_permission VALUES (30, 'Can change event', 8, 'change_event');
INSERT INTO public.auth_permission VALUES (31, 'Can delete event', 8, 'delete_event');
INSERT INTO public.auth_permission VALUES (32, 'Can view event', 8, 'view_event');
INSERT INTO public.auth_permission VALUES (33, 'Can add room', 9, 'add_room');
INSERT INTO public.auth_permission VALUES (34, 'Can change room', 9, 'change_room');
INSERT INTO public.auth_permission VALUES (35, 'Can delete room', 9, 'delete_room');
INSERT INTO public.auth_permission VALUES (36, 'Can view room', 9, 'view_room');
INSERT INTO public.auth_permission VALUES (37, 'Can add activity', 10, 'add_activity');
INSERT INTO public.auth_permission VALUES (38, 'Can change activity', 10, 'change_activity');
INSERT INTO public.auth_permission VALUES (39, 'Can delete activity', 10, 'delete_activity');
INSERT INTO public.auth_permission VALUES (40, 'Can view activity', 10, 'view_activity');
INSERT INTO public.auth_permission VALUES (41, 'Can add schedule', 11, 'add_schedule');
INSERT INTO public.auth_permission VALUES (42, 'Can change schedule', 11, 'change_schedule');
INSERT INTO public.auth_permission VALUES (43, 'Can delete schedule', 11, 'delete_schedule');
INSERT INTO public.auth_permission VALUES (44, 'Can view schedule', 11, 'view_schedule');
INSERT INTO public.auth_permission VALUES (45, 'Can add sponsor', 12, 'add_sponsor');
INSERT INTO public.auth_permission VALUES (46, 'Can change sponsor', 12, 'change_sponsor');
INSERT INTO public.auth_permission VALUES (47, 'Can delete sponsor', 12, 'delete_sponsor');
INSERT INTO public.auth_permission VALUES (48, 'Can view sponsor', 12, 'view_sponsor');
INSERT INTO public.auth_permission VALUES (49, 'Can add custom user', 13, 'add_customuser');
INSERT INTO public.auth_permission VALUES (50, 'Can change custom user', 13, 'change_customuser');
INSERT INTO public.auth_permission VALUES (51, 'Can delete custom user', 13, 'delete_customuser');
INSERT INTO public.auth_permission VALUES (52, 'Can view custom user', 13, 'view_customuser');
INSERT INTO public.auth_permission VALUES (53, 'Can add country', 14, 'add_country');
INSERT INTO public.auth_permission VALUES (54, 'Can change country', 14, 'change_country');
INSERT INTO public.auth_permission VALUES (55, 'Can delete country', 14, 'delete_country');
INSERT INTO public.auth_permission VALUES (56, 'Can view country', 14, 'view_country');
INSERT INTO public.auth_permission VALUES (57, 'Can add state', 15, 'add_state');
INSERT INTO public.auth_permission VALUES (58, 'Can change state', 15, 'change_state');
INSERT INTO public.auth_permission VALUES (59, 'Can delete state', 15, 'delete_state');
INSERT INTO public.auth_permission VALUES (60, 'Can view state', 15, 'view_state');
INSERT INTO public.auth_permission VALUES (61, 'Can add municipality', 16, 'add_municipality');
INSERT INTO public.auth_permission VALUES (62, 'Can change municipality', 16, 'change_municipality');
INSERT INTO public.auth_permission VALUES (63, 'Can delete municipality', 16, 'delete_municipality');
INSERT INTO public.auth_permission VALUES (64, 'Can view municipality', 16, 'view_municipality');
INSERT INTO public.auth_permission VALUES (65, 'Can add images', 17, 'add_images');
INSERT INTO public.auth_permission VALUES (66, 'Can change images', 17, 'change_images');
INSERT INTO public.auth_permission VALUES (67, 'Can delete images', 17, 'delete_images');
INSERT INTO public.auth_permission VALUES (68, 'Can view images', 17, 'view_images');


--
-- Data for Name: authtoken_token; Type: TABLE DATA; Schema: public; Owner: postgres
--

INSERT INTO public.authtoken_token VALUES ('7042624ee3df404d7a67d95f3c0d177240227e99', '2024-08-13 23:07:44.918291-06', 1);
INSERT INTO public.authtoken_token VALUES ('d777a7691dc6c7416b096d5d0b51e53acf641a16', '2024-12-29 20:01:51.312335-06', 16);
INSERT INTO public.authtoken_token VALUES ('5a53201f09df77e6c22cc53c0bc633c816c3263d', '2024-12-30 14:42:39.544596-06', 17);


--
-- Data for Name: django_admin_log; Type: TABLE DATA; Schema: public; Owner: postgres
--

INSERT INTO public.django_admin_log VALUES (1, '2024-08-12 16:48:36.585451-06', '3', 'David Fregoso Leon', 3, '', 13, 1);
INSERT INTO public.django_admin_log VALUES (2, '2024-08-12 17:34:25.184859-06', '1', '8 Congreso de aguacate Jalisco 2024', 1, '[{"added": {}}]', 8, 1);
INSERT INTO public.django_admin_log VALUES (3, '2024-08-12 17:34:46.612179-06', '1', 'Sala 1', 1, '[{"added": {}}]', 9, 1);
INSERT INTO public.django_admin_log VALUES (4, '2024-08-12 17:34:52.881415-06', '2', 'Sala 2', 1, '[{"added": {}}]', 9, 1);
INSERT INTO public.django_admin_log VALUES (5, '2024-08-12 17:59:00.10813-06', '1', '8 Congreso de aguacate Jalisco 2024', 2, '[{"changed": {"fields": ["Initial date"]}}]', 8, 1);
INSERT INTO public.django_admin_log VALUES (6, '2024-08-13 19:02:33.516601-06', '2', '8 Congreso de aguacate Jalisco 2024', 1, '[{"added": {}}]', 8, 1);
INSERT INTO public.django_admin_log VALUES (7, '2024-08-13 19:02:43.584135-06', '3', 'Sala 1', 1, '[{"added": {}}]', 9, 1);
INSERT INTO public.django_admin_log VALUES (8, '2024-08-13 19:02:49.68832-06', '4', 'Sala 2', 1, '[{"added": {}}]', 9, 1);
INSERT INTO public.django_admin_log VALUES (9, '2024-08-13 19:12:40.237056-06', '1', 'Justificación de la poda en aguacate', 1, '[{"added": {}}]', 10, 1);
INSERT INTO public.django_admin_log VALUES (10, '2024-08-13 19:31:22.343468-06', '1', 'Justificación de la poda en aguacate', 2, '[{"changed": {"fields": ["End datetime"]}}]', 10, 1);
INSERT INTO public.django_admin_log VALUES (11, '2024-08-13 20:09:20.570378-06', '2', 'Portainjertos Clonales: Presente y futuro en la industria del aguacate', 1, '[{"added": {}}]', 10, 1);
INSERT INTO public.django_admin_log VALUES (12, '2024-08-13 20:09:33.605767-06', '1', 'Justificación de la poda en aguacate', 2, '[{"changed": {"fields": ["End datetime"]}}]', 10, 1);
INSERT INTO public.django_admin_log VALUES (13, '2024-08-13 20:10:36.253413-06', '3', 'Soluciones nutritivas como alternativa ante el cambio climatico.', 1, '[{"added": {}}]', 10, 1);
INSERT INTO public.django_admin_log VALUES (14, '2024-08-13 20:13:07.181001-06', '4', 'Fertirriego eficiente en el cultivode aguacate', 1, '[{"added": {}}]', 10, 1);
INSERT INTO public.django_admin_log VALUES (15, '2024-08-13 20:13:21.493292-06', '4', 'Fertirriego eficiente en el cultivo de aguacate', 2, '[{"changed": {"fields": ["Title activity"]}}]', 10, 1);
INSERT INTO public.django_admin_log VALUES (16, '2024-08-13 20:14:37.284484-06', '5', 'Stenoma catenifer and Bruggmanniella perseae en Mexico', 1, '[{"added": {}}]', 10, 1);
INSERT INTO public.django_admin_log VALUES (17, '2024-08-13 20:16:21.842685-06', '6', 'Elrolde Jalisco en hacerde México unproveedor más completopara el mercado estadounidense', 1, '[{"added": {}}]', 10, 1);
INSERT INTO public.django_admin_log VALUES (18, '2024-08-13 20:16:40.132864-06', '6', 'El rolde Jalisco en hacer de México un proveedor más completo para el mercado estadounidense', 2, '[{"changed": {"fields": ["Title activity"]}}]', 10, 1);
INSERT INTO public.django_admin_log VALUES (19, '2024-08-13 20:16:49.461459-06', '6', 'El rol de Jalisco en hacer de México un proveedor más completo para el mercado estadounidense', 2, '[{"changed": {"fields": ["Title activity"]}}]', 10, 1);
INSERT INTO public.django_admin_log VALUES (20, '2024-08-13 20:19:09.249972-06', '7', 'Manejo del estrés climático para incrementar la productividad y calidad del aguacate', 1, '[{"added": {}}]', 10, 1);
INSERT INTO public.django_admin_log VALUES (21, '2024-08-13 20:22:15.349424-06', '8', 'Retos de inocuidad en la produccción de aguacate y la nueva regla del agua del FDA', 1, '[{"added": {}}]', 10, 1);
INSERT INTO public.django_admin_log VALUES (22, '2024-08-13 20:24:27.184851-06', '9', 'Las espalderas comerciales en aguacate: un estudio del caso Maluma', 1, '[{"added": {}}]', 10, 1);
INSERT INTO public.django_admin_log VALUES (23, '2024-08-13 20:25:53.38255-06', '10', 'Más allá del Hass: ¿Hay lugar para nuevas variedades?', 1, '[{"added": {}}]', 10, 1);
INSERT INTO public.django_admin_log VALUES (24, '2024-08-13 20:27:48.157518-06', '11', 'Características útiles de las razas de aguacate para la mejora genética de portainjertos y variedades', 1, '[{"added": {}}]', 10, 1);
INSERT INTO public.django_admin_log VALUES (25, '2024-08-13 20:30:25.958674-06', '12', 'Palta Chilena, "Un superalimento de cultivo sustentable"', 1, '[{"added": {}}]', 10, 1);
INSERT INTO public.django_admin_log VALUES (26, '2024-08-13 20:32:28.467983-06', '13', 'Innovación en la Poda de Aguacate: Método Híbrido de Forma Selectiva y Mecanizada', 1, '[{"added": {}}]', 10, 1);
INSERT INTO public.django_admin_log VALUES (27, '2024-08-13 20:34:05.323105-06', '14', '“No riegues a ciegas” Riega con tecnología midiendo porcentajes de humedad', 1, '[{"added": {}}]', 10, 1);
INSERT INTO public.django_admin_log VALUES (28, '2024-08-13 20:35:11.950572-06', '15', 'Desafíos de la producción de aguacate ante el cambio climático', 1, '[{"added": {}}]', 10, 1);
INSERT INTO public.django_admin_log VALUES (29, '2024-08-13 20:36:07.585387-06', '16', 'Como adaptas la agricultura al cambio climático', 1, '[{"added": {}}]', 10, 1);
INSERT INTO public.django_admin_log VALUES (30, '2024-08-13 20:37:02.586348-06', '17', 'Tendencias de la producción y comercialización mundial', 1, '[{"added": {}}]', 10, 1);
INSERT INTO public.django_admin_log VALUES (31, '2024-08-13 20:38:36.585253-06', '18', 'Limitantes biotícas y abióticas al incremiento de la productividad del cultivo de aguacate', 1, '[{"added": {}}]', 10, 1);
INSERT INTO public.django_admin_log VALUES (32, '2024-08-13 20:40:42.297697-06', '19', 'Manejo biorracional de plagas y enfermedades en el cultivo de aguacate', 1, '[{"added": {}}]', 10, 1);
INSERT INTO public.django_admin_log VALUES (33, '2024-08-13 20:42:01.042347-06', '20', 'Arribos de aguacate a Europa y Asia, vía marítima, sin maduración y larga vida de anaquel', 1, '[{"added": {}}]', 10, 1);
INSERT INTO public.django_admin_log VALUES (34, '2024-08-13 20:43:40.660398-06', '21', 'Aguacate Luna: El nuevo polinizador de Hass que es como el Hass', 1, '[{"added": {}}]', 10, 1);
INSERT INTO public.django_admin_log VALUES (35, '2024-08-13 20:44:42.560193-06', '22', 'Manejo de humedad en suelos aguacateros, usode polimeros, coberturas vegetales, sensores de humedad', 1, '[{"added": {}}]', 10, 1);
INSERT INTO public.django_admin_log VALUES (36, '2024-08-13 20:45:48.404679-06', '23', 'Efecto de temperatura altas en el desarrollo del fruto de aguacate bajo condiciones de costa peruana', 1, '[{"added": {}}]', 10, 1);
INSERT INTO public.django_admin_log VALUES (37, '2024-08-13 20:47:12.930094-06', '24', 'Los tres enemigos del aguacate: Sequía, olas de calor e inconsciencia', 1, '[{"added": {}}]', 10, 1);
INSERT INTO public.django_admin_log VALUES (38, '2024-08-13 20:48:05.410919-06', '25', 'Dinámica microbiana en el aguacate y su relación con la fenologia', 1, '[{"added": {}}]', 10, 1);
INSERT INTO public.django_admin_log VALUES (39, '2024-08-13 20:49:42.416239-06', '26', 'Uso de Microorganismos benéficos en la mejora de la producción de palta frente a condiciones adversas y estrategias para el manejo de fitopatógenos relacionados a cultivos de Paltos.', 1, '[{"added": {}}]', 10, 1);
INSERT INTO public.django_admin_log VALUES (40, '2024-08-13 20:52:48.993087-06', '27', 'Soluciones de MSC a los retos actuales del Transporte Marítimo', 1, '[{"added": {}}]', 10, 1);
INSERT INTO public.django_admin_log VALUES (41, '2024-08-13 20:55:39.068095-06', '28', 'Agricultura orgánica en la producción de aguacate', 1, '[{"added": {}}]', 10, 1);
INSERT INTO public.django_admin_log VALUES (42, '2024-08-13 21:00:45.690828-06', '29', 'Manejo integrado de la antracnosis en el cultivo del aguacate', 1, '[{"added": {}}]', 10, 1);
INSERT INTO public.django_admin_log VALUES (43, '2024-08-13 21:03:45.762758-06', '30', 'Sembrando Sostenibilidad y ahorro: Innovación Solar para la Agricultura del Futuro', 1, '[{"added": {}}]', 10, 1);
INSERT INTO public.django_admin_log VALUES (44, '2024-08-13 21:04:24.584666-06', '18', 'Limitantes biotícas y abióticas al incremiento de la productividad del cultivo de aguacate', 2, '[{"changed": {"fields": ["Start datetime", "End datetime"]}}]', 10, 1);
INSERT INTO public.django_admin_log VALUES (45, '2024-08-13 21:07:56.681929-06', '31', 'Digitalización en la producción de aguacate', 1, '[{"added": {}}]', 10, 1);
INSERT INTO public.django_admin_log VALUES (46, '2024-08-13 21:24:02.730857-06', '1', 'AGO Labs', 1, '[{"added": {}}]', 12, 1);
INSERT INTO public.django_admin_log VALUES (47, '2024-08-13 21:24:50.784859-06', '2', 'Gonzamex', 1, '[{"added": {}}]', 12, 1);
INSERT INTO public.django_admin_log VALUES (48, '2024-08-13 21:25:21.718859-06', '3', 'GRUPO BARCO', 1, '[{"added": {}}]', 12, 1);
INSERT INTO public.django_admin_log VALUES (49, '2024-08-13 21:25:57.029689-06', '4', 'GLC Cerritos', 1, '[{"added": {}}]', 12, 1);
INSERT INTO public.django_admin_log VALUES (50, '2024-08-13 21:26:25.909261-06', '5', 'GIRO', 1, '[{"added": {}}]', 12, 1);
INSERT INTO public.django_admin_log VALUES (51, '2024-08-13 21:26:48.905314-06', '6', 'LDC', 1, '[{"added": {}}]', 12, 1);
INSERT INTO public.django_admin_log VALUES (52, '2024-08-13 21:28:39.479265-06', '7', 'LA MAYOR', 1, '[{"added": {}}]', 12, 1);
INSERT INTO public.django_admin_log VALUES (53, '2024-08-13 21:29:08.153049-06', '8', 'TELESUR', 1, '[{"added": {}}]', 12, 1);
INSERT INTO public.django_admin_log VALUES (54, '2024-08-13 21:29:41.593597-06', '9', 'msc', 1, '[{"added": {}}]', 12, 1);
INSERT INTO public.django_admin_log VALUES (55, '2024-08-13 21:30:12.827923-06', '10', 'RAIN BIRD', 1, '[{"added": {}}]', 12, 1);
INSERT INTO public.django_admin_log VALUES (56, '2024-08-13 21:30:59.120027-06', '11', 'Roquin AVOCADOS', 1, '[{"added": {}}]', 12, 1);
INSERT INTO public.django_admin_log VALUES (57, '2024-08-13 21:34:32.461997-06', '6', 'User3', 3, '', 13, 1);
INSERT INTO public.django_admin_log VALUES (58, '2024-08-13 21:34:32.463991-06', '5', 'User2', 3, '', 13, 1);
INSERT INTO public.django_admin_log VALUES (59, '2024-08-13 21:34:32.46599-06', '4', 'User1', 3, '', 13, 1);
INSERT INTO public.django_admin_log VALUES (60, '2024-08-13 21:34:32.466997-06', '2', 'David Fregoso Leon', 3, '', 13, 1);
INSERT INTO public.django_admin_log VALUES (61, '2024-08-14 19:41:45.496502-06', '1', 'Images object (1)', 1, '[{"added": {}}]', 17, 1);
INSERT INTO public.django_admin_log VALUES (62, '2024-08-14 19:41:55.31102-06', '2', 'Images object (2)', 1, '[{"added": {}}]', 17, 1);
INSERT INTO public.django_admin_log VALUES (63, '2024-08-14 22:17:17.968589-06', '9', 'User3', 3, '', 13, 1);
INSERT INTO public.django_admin_log VALUES (64, '2024-08-14 22:17:17.971597-06', '8', 'User3', 3, '', 13, 1);
INSERT INTO public.django_admin_log VALUES (65, '2024-08-14 22:17:17.973182-06', '7', 'User3', 3, '', 13, 1);
INSERT INTO public.django_admin_log VALUES (66, '2024-08-15 22:02:08.311432-06', '2', '8 Congreso de aguacate Jalisco 2024', 2, '[{"changed": {"fields": ["Initial date"]}}]', 8, 1);
INSERT INTO public.django_admin_log VALUES (67, '2024-08-16 21:52:09.813154-06', '1', 'AGO Labs', 2, '[{"changed": {"fields": ["Sponsor Tier"]}}]', 12, 1);
INSERT INTO public.django_admin_log VALUES (68, '2024-08-16 21:52:27.733878-06', '2', 'Gonzamex', 2, '[{"changed": {"fields": ["Sponsor Tier"]}}]', 12, 1);
INSERT INTO public.django_admin_log VALUES (69, '2024-08-16 21:52:40.480419-06', '3', 'GRUPO BARCO', 2, '[{"changed": {"fields": ["Sponsor Tier"]}}]', 12, 1);
INSERT INTO public.django_admin_log VALUES (70, '2024-08-16 21:52:48.426643-06', '4', 'GLC Cerritos', 2, '[{"changed": {"fields": ["Sponsor Tier"]}}]', 12, 1);
INSERT INTO public.django_admin_log VALUES (71, '2024-08-16 21:52:57.048498-06', '5', 'GIRO', 2, '[{"changed": {"fields": ["Sponsor Tier"]}}]', 12, 1);
INSERT INTO public.django_admin_log VALUES (72, '2024-08-16 21:53:15.811047-06', '6', 'LDC', 2, '[{"changed": {"fields": ["Sponsor Tier"]}}]', 12, 1);
INSERT INTO public.django_admin_log VALUES (73, '2024-08-16 21:53:28.263146-06', '7', 'LA MAYOR', 2, '[]', 12, 1);
INSERT INTO public.django_admin_log VALUES (74, '2024-08-16 21:53:45.200743-06', '9', 'msc', 2, '[{"changed": {"fields": ["Sponsor Tier"]}}]', 12, 1);
INSERT INTO public.django_admin_log VALUES (75, '2024-08-16 21:55:56.656395-06', '2', '8 Congreso de aguacate Jalisco 2024', 2, '[{"changed": {"fields": ["Initial date"]}}]', 8, 1);
INSERT INTO public.django_admin_log VALUES (76, '2024-08-16 21:56:33.313938-06', '2', '8 Congreso de aguacate Jalisco 2024', 2, '[{"changed": {"fields": ["Initial date"]}}]', 8, 1);
INSERT INTO public.django_admin_log VALUES (77, '2024-08-16 21:57:33.741773-06', '2', '8 Congreso de aguacate Jalisco 2024', 2, '[{"changed": {"fields": ["Initial date"]}}]', 8, 1);
INSERT INTO public.django_admin_log VALUES (78, '2024-08-16 22:02:44.763721-06', '10', 'RAIN BIRD', 2, '[{"changed": {"fields": ["Sponsor Tier"]}}]', 12, 1);
INSERT INTO public.django_admin_log VALUES (79, '2024-08-16 22:02:52.065695-06', '11', 'Roquin AVOCADOS', 2, '[{"changed": {"fields": ["Sponsor Tier"]}}]', 12, 1);
INSERT INTO public.django_admin_log VALUES (80, '2024-08-16 22:05:14.807002-06', '2', '8 Congreso de aguacate Jalisco 2024', 2, '[{"changed": {"fields": ["Initial date"]}}]', 8, 1);
INSERT INTO public.django_admin_log VALUES (81, '2024-08-16 22:10:37.601637-06', '2', '8 Congreso de aguacate Jalisco 2024', 2, '[{"changed": {"fields": ["Initial date"]}}]', 8, 1);
INSERT INTO public.django_admin_log VALUES (82, '2024-08-16 22:11:33.655031-06', '2', '8 Congreso de aguacate Jalisco 2024', 2, '[{"changed": {"fields": ["Initial date"]}}]', 8, 1);
INSERT INTO public.django_admin_log VALUES (83, '2024-08-16 22:12:39.733108-06', '2', '8 Congreso de aguacate Jalisco 2024', 2, '[{"changed": {"fields": ["Initial date"]}}]', 8, 1);
INSERT INTO public.django_admin_log VALUES (84, '2024-08-16 22:16:09.169249-06', '2', '8 Congreso de aguacate Jalisco 2024', 2, '[{"changed": {"fields": ["Initial date"]}}]', 8, 1);
INSERT INTO public.django_admin_log VALUES (85, '2024-08-16 22:19:49.904602-06', '2', '8 Congreso de aguacate Jalisco 2024', 2, '[{"changed": {"fields": ["Initial date"]}}]', 8, 1);
INSERT INTO public.django_admin_log VALUES (86, '2024-08-16 23:01:20.597806-06', '4', 'Apeajal - Manejo de humedad en suelos aguacateros, usode polimeros, coberturas vegetales, sensores de humedad', 3, '', 11, 1);
INSERT INTO public.django_admin_log VALUES (87, '2024-08-16 23:01:20.602813-06', '3', 'User3 - Justificación de la poda en aguacate', 3, '', 11, 1);
INSERT INTO public.django_admin_log VALUES (88, '2024-08-16 23:01:20.605217-06', '1', 'Apeajal - Justificación de la poda en aguacate', 3, '', 11, 1);
INSERT INTO public.django_admin_log VALUES (89, '2024-08-16 23:01:31.27024-06', '2', '8 Congreso de aguacate Jalisco 2024', 2, '[{"changed": {"fields": ["Initial date"]}}]', 8, 1);
INSERT INTO public.django_admin_log VALUES (90, '2024-08-16 23:06:09.577343-06', '11', 'User3', 3, '', 13, 1);
INSERT INTO public.django_admin_log VALUES (91, '2024-08-16 23:06:09.586656-06', '10', 'User3', 3, '', 13, 1);
INSERT INTO public.django_admin_log VALUES (92, '2024-08-16 23:06:28.669444-06', '12', 'User3', 3, '', 13, 1);
INSERT INTO public.django_admin_log VALUES (93, '2024-08-16 23:06:38.015991-06', '2', '8 Congreso de aguacate Jalisco 2024', 2, '[{"changed": {"fields": ["Initial date"]}}]', 8, 1);
INSERT INTO public.django_admin_log VALUES (94, '2024-08-16 23:15:03.610371-06', '14', 'User3', 3, '', 13, 1);
INSERT INTO public.django_admin_log VALUES (95, '2024-08-16 23:15:03.616875-06', '13', 'User3', 3, '', 13, 1);
INSERT INTO public.django_admin_log VALUES (96, '2024-12-29 14:53:04.478989-06', '2', '8 Congreso de aguacate Jalisco 2024', 2, '[{"changed": {"fields": ["End date"]}}]', 8, 1);
INSERT INTO public.django_admin_log VALUES (97, '2024-12-29 15:17:26.780226-06', '2', '8 Congreso de aguacate Jalisco 2024', 2, '[{"changed": {"fields": ["End date"]}}]', 8, 1);
INSERT INTO public.django_admin_log VALUES (98, '2024-12-29 15:18:32.946112-06', '2', '8 Congreso de aguacate Jalisco 2024', 2, '[{"changed": {"fields": ["End date"]}}]', 8, 1);
INSERT INTO public.django_admin_log VALUES (99, '2024-12-29 19:29:10.442798-06', '15', 'user', 2, '[{"changed": {"fields": ["Municipality"]}}]', 13, 1);
INSERT INTO public.django_admin_log VALUES (100, '2024-12-29 20:01:42.736601-06', '15', 'user', 3, '', 13, 1);
INSERT INTO public.django_admin_log VALUES (101, '2024-12-30 13:29:36.97645-06', '2', '8 Congreso de aguacate Jalisco 2024', 2, '[{"changed": {"fields": ["End date"]}}]', 8, 1);


--
-- Data for Name: django_content_type; Type: TABLE DATA; Schema: public; Owner: postgres
--

INSERT INTO public.django_content_type VALUES (1, 'admin', 'logentry');
INSERT INTO public.django_content_type VALUES (2, 'auth', 'permission');
INSERT INTO public.django_content_type VALUES (3, 'auth', 'group');
INSERT INTO public.django_content_type VALUES (4, 'contenttypes', 'contenttype');
INSERT INTO public.django_content_type VALUES (5, 'sessions', 'session');
INSERT INTO public.django_content_type VALUES (6, 'authtoken', 'token');
INSERT INTO public.django_content_type VALUES (7, 'authtoken', 'tokenproxy');
INSERT INTO public.django_content_type VALUES (8, 'events', 'event');
INSERT INTO public.django_content_type VALUES (9, 'events', 'room');
INSERT INTO public.django_content_type VALUES (10, 'events', 'activity');
INSERT INTO public.django_content_type VALUES (11, 'events', 'schedule');
INSERT INTO public.django_content_type VALUES (12, 'events', 'sponsor');
INSERT INTO public.django_content_type VALUES (13, 'accounts', 'customuser');
INSERT INTO public.django_content_type VALUES (14, 'geodata', 'country');
INSERT INTO public.django_content_type VALUES (15, 'geodata', 'state');
INSERT INTO public.django_content_type VALUES (16, 'geodata', 'municipality');
INSERT INTO public.django_content_type VALUES (17, 'events', 'images');


--
-- Data for Name: django_migrations; Type: TABLE DATA; Schema: public; Owner: postgres
--

INSERT INTO public.django_migrations VALUES (1, 'geodata', '0001_initial', '2024-08-12 13:46:01.417261-06');
INSERT INTO public.django_migrations VALUES (2, 'accounts', '0001_initial', '2024-08-12 13:46:01.460361-06');
INSERT INTO public.django_migrations VALUES (3, 'accounts', '0002_customuser_created', '2024-08-12 13:46:01.472417-06');
INSERT INTO public.django_migrations VALUES (4, 'contenttypes', '0001_initial', '2024-08-12 13:46:01.485877-06');
INSERT INTO public.django_migrations VALUES (5, 'admin', '0001_initial', '2024-08-12 13:46:01.520325-06');
INSERT INTO public.django_migrations VALUES (6, 'admin', '0002_logentry_remove_auto_add', '2024-08-12 13:46:01.526527-06');
INSERT INTO public.django_migrations VALUES (7, 'admin', '0003_logentry_add_action_flag_choices', '2024-08-12 13:46:01.53378-06');
INSERT INTO public.django_migrations VALUES (8, 'contenttypes', '0002_remove_content_type_name', '2024-08-12 13:46:01.547583-06');
INSERT INTO public.django_migrations VALUES (9, 'auth', '0001_initial', '2024-08-12 13:46:01.613387-06');
INSERT INTO public.django_migrations VALUES (10, 'auth', '0002_alter_permission_name_max_length', '2024-08-12 13:46:01.621391-06');
INSERT INTO public.django_migrations VALUES (11, 'auth', '0003_alter_user_email_max_length', '2024-08-12 13:46:01.629425-06');
INSERT INTO public.django_migrations VALUES (12, 'auth', '0004_alter_user_username_opts', '2024-08-12 13:46:01.636941-06');
INSERT INTO public.django_migrations VALUES (13, 'auth', '0005_alter_user_last_login_null', '2024-08-12 13:46:01.645207-06');
INSERT INTO public.django_migrations VALUES (14, 'auth', '0006_require_contenttypes_0002', '2024-08-12 13:46:01.648446-06');
INSERT INTO public.django_migrations VALUES (15, 'auth', '0007_alter_validators_add_error_messages', '2024-08-12 13:46:01.654773-06');
INSERT INTO public.django_migrations VALUES (16, 'auth', '0008_alter_user_username_max_length', '2024-08-12 13:46:01.662774-06');
INSERT INTO public.django_migrations VALUES (17, 'auth', '0009_alter_user_last_name_max_length', '2024-08-12 13:46:01.669334-06');
INSERT INTO public.django_migrations VALUES (18, 'auth', '0010_alter_group_name_max_length', '2024-08-12 13:46:01.687974-06');
INSERT INTO public.django_migrations VALUES (19, 'auth', '0011_update_proxy_permissions', '2024-08-12 13:46:01.695962-06');
INSERT INTO public.django_migrations VALUES (20, 'auth', '0012_alter_user_first_name_max_length', '2024-08-12 13:46:01.702456-06');
INSERT INTO public.django_migrations VALUES (21, 'authtoken', '0001_initial', '2024-08-12 13:46:01.722924-06');
INSERT INTO public.django_migrations VALUES (22, 'authtoken', '0002_auto_20160226_1747', '2024-08-12 13:46:01.740459-06');
INSERT INTO public.django_migrations VALUES (23, 'authtoken', '0003_tokenproxy', '2024-08-12 13:46:01.746245-06');
INSERT INTO public.django_migrations VALUES (24, 'events', '0001_initial', '2024-08-12 13:46:01.827166-06');
INSERT INTO public.django_migrations VALUES (25, 'events', '0002_room_event_alter_activity_event_alter_activity_room_and_more', '2024-08-12 13:46:01.86218-06');
INSERT INTO public.django_migrations VALUES (26, 'events', '0003_activity_author', '2024-08-12 13:46:01.86981-06');
INSERT INTO public.django_migrations VALUES (27, 'events', '0004_sponsor', '2024-08-12 13:46:01.894902-06');
INSERT INTO public.django_migrations VALUES (28, 'sessions', '0001_initial', '2024-08-12 13:46:01.912662-06');
INSERT INTO public.django_migrations VALUES (29, 'events', '0005_event_logo', '2024-08-13 18:58:28.398071-06');
INSERT INTO public.django_migrations VALUES (30, 'events', '0006_rename_date_time_activity_start_datetime_and_more', '2024-08-13 19:30:43.335502-06');
INSERT INTO public.django_migrations VALUES (31, 'events', '0007_images', '2024-08-14 19:38:05.069505-06');
INSERT INTO public.django_migrations VALUES (32, 'events', '0008_sponsor_tier', '2024-08-16 21:51:17.150087-06');
INSERT INTO public.django_migrations VALUES (33, 'events', '0009_alter_sponsor_tier', '2024-08-16 21:54:57.004801-06');


--
-- Data for Name: django_session; Type: TABLE DATA; Schema: public; Owner: postgres
--

INSERT INTO public.django_session VALUES ('uaavl1rk3usmn78tv5pz63e1m6fxy61q', '.eJxVjEsOwjAMBe-SNYoU2yEtS_acIXIcmxZQK_Wzqrg7VOoCtm9m3uYyr0uX11mn3Fd3ccGdfrfC8tRhB_XBw330Mg7L1Be_K_6gs7-NVV_Xw_076HjuvrWixnMBi5LEMAQmAcGgDSdBMyuxAjEqWS1AUBtFwkiphdC0DOTeHwS8OCs:1tSMcH:4dFCd57uPF2Or5Y7v2VSa2bEV2CcMJsUhcpH-PrXMnA', '2025-01-13 14:43:57.07357-06');


--
-- Data for Name: events_activity; Type: TABLE DATA; Schema: public; Owner: postgres
--

INSERT INTO public.events_activity VALUES (25, 'Dinámica microbiana en el aguacate y su relación con la fenologia', 'dinamica-microbiana-en-el-aguacate-y-su-relacion-con-la-fenologia', 'INNOVAK GLOBAL', '2024-08-29 17:00:00-06', 2, 4, 'Dra. Ana Luisa Olivas Tarango', '2024-08-29 18:00:00-06');
INSERT INTO public.events_activity VALUES (2, 'Portainjertos Clonales: Presente y futuro en la industria del aguacate', 'portainjertos-clonales-presente-y-futuro-en-la-industria-del-aguacate', 'BROKAW NURSERY', '2024-08-28 10:00:00-06', 2, 3, 'Ing. Consuelo Fernández Noguera', '2024-08-28 10:30:00-06');
INSERT INTO public.events_activity VALUES (1, 'Justificación de la poda en aguacate', 'justificacion-de-la-poda-en-aguacate', 'BIOESTIMULANDO ANDO', '2024-08-28 09:00:00-06', 2, 3, 'M. C. Mauricio Navarro Garcia', '2024-08-28 10:00:00-06');
INSERT INTO public.events_activity VALUES (3, 'Soluciones nutritivas como alternativa ante el cambio climatico.', 'soluciones-nutritivas-como-alternativa-ante-el-cambio-climatico', 'LABORATORIO AGRÍCOLA DIAGNOSIS S.C.', '2024-08-28 10:30:00-06', 2, 3, 'Dr. Federico Hernández Valdes', '2024-08-28 11:30:00-06');
INSERT INTO public.events_activity VALUES (4, 'Fertirriego eficiente en el cultivo de aguacate', 'fertirriego-eficiente-en-el-cultivode-aguacate', 'AGQ LABS', '2024-08-28 12:45:00-06', 2, 3, 'Ing. Gonzalo A. Allendes Lagos', '2024-08-28 13:45:00-06');
INSERT INTO public.events_activity VALUES (5, 'Stenoma catenifer and Bruggmanniella perseae en Mexico', 'stenoma-catenifer-and-bruggmanniella-perseae-en-mexico', 'COLEGIO DE POSTGRADUADOS', '2024-08-28 15:15:00-06', 2, 3, 'Dr. Héctor González Hernández', '2024-08-28 16:15:00-06');
INSERT INTO public.events_activity VALUES (26, 'Uso de Microorganismos benéficos en la mejora de la producción de palta frente a condiciones adversas y estrategias para el manejo de fitopatógenos relacionados a cultivos de Paltos.', 'uso-de-microorganismos-beneficos-en-la-mejora-de-la-produccion-de-palta-frente-a-condiciones-adversas-y-estrategias-para-el-manejo-de-fitopatogenos-relacionados-a-cultivos-de-paltos', 'LABORATORIO DE BIOPROCESOS INDUSTRIALES', '2024-08-29 18:00:00-06', 2, 4, 'Lic. Agustin Soto Camacho', '2024-08-29 19:00:00-06');
INSERT INTO public.events_activity VALUES (6, 'El rol de Jalisco en hacer de México un proveedor más completo para el mercado estadounidense', 'elrolde-jalisco-en-hacerde-mexico-unproveedor-mas-completopara-el-mercado-estadounidense', 'GLC CERRITOS, LLC', '2024-08-28 17:00:00-06', 2, 3, 'Mtr. Giovanni Cavaletto', '2024-08-28 18:00:00-06');
INSERT INTO public.events_activity VALUES (7, 'Manejo del estrés climático para incrementar la productividad y calidad del aguacate', 'manejo-del-estres-climatico-para-incrementar-la-productividad-y-calidad-del-aguacate', 'COLEGIO DE POSTGRADUADOS', '2024-08-28 18:00:00-06', 2, 3, 'Dr. Prometeo Sánchez Garcia', '2024-08-28 19:00:00-06');
INSERT INTO public.events_activity VALUES (8, 'Retos de inocuidad en la produccción de aguacate y la nueva regla del agua del FDA', 'retos-de-inocuidad-en-la-producccion-de-aguacate-y-la-nueva-regla-del-agua-del-fda', 'MISSISSIPPI STATE UNIVERSITY', '2024-08-29 13:00:00-06', 2, 3, 'Dr. Juan Silva', '2024-08-29 14:00:00-06');
INSERT INTO public.events_activity VALUES (9, 'Las espalderas comerciales en aguacate: un estudio del caso Maluma', 'las-espalderas-comerciales-en-aguacate-un-estudio-del-caso-maluma', 'ALLESBESTE', '2024-08-29 15:15:00-06', 2, 3, 'Mtr. Zander Ernst', '2024-08-29 16:15:00-06');
INSERT INTO public.events_activity VALUES (10, 'Más allá del Hass: ¿Hay lugar para nuevas variedades?', 'mas-alla-del-hass-hay-lugar-para-nuevas-variedades', 'UNIVERSIDAD DE CALIFORNIA', '2024-08-29 17:00:00-06', 2, 3, 'Dr. Mary Lu Arpaia', '2024-08-29 18:00:00-06');
INSERT INTO public.events_activity VALUES (11, 'Características útiles de las razas de aguacate para la mejora genética de portainjertos y variedades', 'caracteristicas-utiles-de-las-razas-de-aguacate-para-la-mejora-genetica-de-portainjertos-y-variedades', 'UNIVERSIDAD AUTÓNOMA CHAPINGO', '2024-08-29 18:00:00-06', 2, 3, 'Dr. Alejandro Barrientos Priego', '2024-08-29 19:00:00-06');
INSERT INTO public.events_activity VALUES (12, 'Palta Chilena, "Un superalimento de cultivo sustentable"', 'palta-chilena-un-superalimento-de-cultivo-sustentable', 'COMITÉ DE PALTA CHILENA', '2024-08-30 09:00:00-06', 2, 3, 'Mtr. Francisco Contardo', '2024-08-30 09:30:00-06');
INSERT INTO public.events_activity VALUES (13, 'Innovación en la Poda de Aguacate: Método Híbrido de Forma Selectiva y Mecanizada', 'innovacion-en-la-poda-de-aguacate-metodo-hibrido-de-forma-selectiva-y-mecanizada', 'AFRON MAQUINARIA', '2024-08-30 09:30:00-06', 2, 3, 'Ing. Alejandro Navarro Barrera', '2024-08-30 10:00:00-06');
INSERT INTO public.events_activity VALUES (14, '“No riegues a ciegas” Riega con tecnología midiendo porcentajes de humedad', 'no-riegues-a-ciegas-riega-con-tecnologia-midiendo-porcentajes-de-humedad', 'SMARTDROP', '2024-08-30 10:00:00-06', 2, 3, 'Ing. Mauricio Auger Elissalde', '2024-08-30 10:30:00-06');
INSERT INTO public.events_activity VALUES (15, 'Desafíos de la producción de aguacate ante el cambio climático', 'desafios-de-la-produccion-de-aguacate-ante-el-cambio-climatico', 'CLIMA PROAGRO', '2024-08-30 10:30:00-06', 2, 3, 'Dr. Francisco Villalpando Ibarra', '2024-08-30 11:30:00-06');
INSERT INTO public.events_activity VALUES (16, 'Como adaptas la agricultura al cambio climático', 'como-adaptas-la-agricultura-al-cambio-climatico', 'NOVEDADES AGRICOLAS DASA', '2024-08-30 12:15:00-06', 2, 3, 'Lic. Sergio Dabdoub Amado', '2024-08-30 13:15:00-06');
INSERT INTO public.events_activity VALUES (17, 'Tendencias de la producción y comercialización mundial', 'tendencias-de-la-produccion-y-comercializacion-mundial', 'SIFRUT', '2024-08-30 13:15:00-06', 2, 3, 'Dr. Ramon Paz Vega', '2024-08-30 14:15:00-06');
INSERT INTO public.events_activity VALUES (19, 'Manejo biorracional de plagas y enfermedades en el cultivo de aguacate', 'manejo-biorracional-de-plagas-y-enfermedades-en-el-cultivo-de-aguacate', '-', '2024-08-28 10:00:00-06', 2, 4, 'M.C Ricardo Villalvazo Valdovinos', '2024-08-28 11:00:00-06');
INSERT INTO public.events_activity VALUES (20, 'Arribos de aguacate a Europa y Asia, vía marítima, sin maduración y larga vida de anaquel', 'arribos-de-aguacate-a-europa-y-asia-via-maritima-sin-maduracion-y-larga-vida-de-anaquel', 'COLD WIND SYSTEM', '2024-08-28 12:45:00-06', 2, 4, 'Ing. Jaime López Martínez', '2024-08-28 13:15:00-06');
INSERT INTO public.events_activity VALUES (21, 'Aguacate Luna: El nuevo polinizador de Hass que es como el Hass', 'aguacate-luna-el-nuevo-polinizador-de-hass-que-es-como-el-hass', 'VIVEROS LUNA', '2024-08-28 15:15:00-06', 2, 4, 'Mtr. Jose Antonio Aguilera', '2024-08-28 16:15:00-06');
INSERT INTO public.events_activity VALUES (22, 'Manejo de humedad en suelos aguacateros, usode polimeros, coberturas vegetales, sensores de humedad', 'manejo-de-humedad-en-suelos-aguacateros-usode-polimeros-coberturas-vegetales-sensores-de-humedad', 'CERTIFIED CROP ADVISER', '2024-08-28 17:00:00-06', 2, 4, 'MC. Jesús Andrey González', '2024-08-28 18:00:00-06');
INSERT INTO public.events_activity VALUES (23, 'Efecto de temperatura altas en el desarrollo del fruto de aguacate bajo condiciones de costa peruana', 'efecto-de-temperatura-altas-en-el-desarrollo-del-fruto-de-aguacate-bajo-condiciones-de-costa-peruana', '-', '2024-08-28 18:00:00-06', 2, 4, 'Ing. Steve Pacheco', '2024-08-28 19:00:00-06');
INSERT INTO public.events_activity VALUES (24, 'Los tres enemigos del aguacate: Sequía, olas de calor e inconsciencia', 'los-tres-enemigos-del-aguacate-sequia-olas-de-calor-e-inconsciencia', 'SUPPLANT', '2024-08-29 15:15:00-06', 2, 4, 'Arturo Juárez', '2024-08-29 16:15:00-06');
INSERT INTO public.events_activity VALUES (27, 'Soluciones de MSC a los retos actuales del Transporte Marítimo', 'soluciones-de-msc-a-los-retos-actuales-del-transporte-maritimo', 'MEDITERRANEAN SHIPPING COMPANY', '2024-08-30 09:00:00-06', 2, 4, 'Lic. José Cobos', '2024-08-30 10:00:00-06');
INSERT INTO public.events_activity VALUES (28, 'Agricultura orgánica en la producción de aguacate', 'agricultura-organica-en-la-produccion-de-aguacate', 'ARCA AGRICULTURA INTEGRAL', '2024-08-30 10:00:00-06', 2, 4, 'Ing. Arquimides Díana Castro', '2024-08-30 10:30:00-06');
INSERT INTO public.events_activity VALUES (29, 'Manejo integrado de la antracnosis en el cultivo del aguacate', 'manejo-integrado-de-la-antracnosis-en-el-cultivo-del-aguacate', 'PROTECCIÓN VEGETAL ESTRATÉGICA', '2024-08-30 10:30:00-06', 2, 4, 'M.C Braulio Lemus Soriano', '2024-08-30 11:30:00-06');
INSERT INTO public.events_activity VALUES (30, 'Sembrando Sostenibilidad y ahorro: Innovación Solar para la Agricultura del Futuro', 'sembrando-sostenibilidad-y-ahorro-innovacion-solar-para-la-agricultura-del-futuro', 'AGROSOLAR', '2024-08-30 12:15:00-06', 2, 4, 'Lic. Cristian Eduardo Valeriano', '2024-08-30 12:45:00-06');
INSERT INTO public.events_activity VALUES (18, 'Limitantes biotícas y abióticas al incremiento de la productividad del cultivo de aguacate', 'limitantes-bioticas-y-abioticas-al-incremiento-de-la-productividad-del-cultivo-de-aguacate', 'APEAM', '2024-08-28 09:00:00-06', 2, 4, 'Dr. Hamilton Oliveira', '2024-08-28 10:00:00-06');
INSERT INTO public.events_activity VALUES (31, 'Digitalización en la producción de aguacate', 'digitalizacion-en-la-produccion-de-aguacate', 'METOS MX', '2024-08-30 12:45:00-06', 2, 4, 'Ing. Enrique Audiffred Viniegra', '2024-08-30 13:15:00-06');


--
-- Data for Name: events_event; Type: TABLE DATA; Schema: public; Owner: postgres
--

INSERT INTO public.events_event VALUES (2, '8 Congreso de aguacate Jalisco 2024', 'Este congreso reúne a expertos, productores, y líderes de la industria para compartir conocimientos, estrategias y avances en la producción, comercialización y sostenibilidad del aguacate. Jalisco, conocido como uno de los principales productores de aguacate en México, es el escenario perfecto para este evento de alto perfil.', '2024-08-16', '2024-12-30', 'pdfs/PROGRAMA_2024_HwoYOx9.pdf', 'events/logos/logo_congreso.png');


--
-- Data for Name: events_images; Type: TABLE DATA; Schema: public; Owner: postgres
--

INSERT INTO public.events_images VALUES (1, 'event/images/SALA_1.png', 2);
INSERT INTO public.events_images VALUES (2, 'event/images/SALA_2.jpg', 2);


--
-- Data for Name: events_room; Type: TABLE DATA; Schema: public; Owner: postgres
--

INSERT INTO public.events_room VALUES (3, 'Sala 1', 2);
INSERT INTO public.events_room VALUES (4, 'Sala 2', 2);


--
-- Data for Name: events_schedule; Type: TABLE DATA; Schema: public; Owner: postgres
--



--
-- Data for Name: events_sponsor; Type: TABLE DATA; Schema: public; Owner: postgres
--

INSERT INTO public.events_sponsor VALUES (8, 'TELESUR', 'https://micabletelesur.com/', 'sponsors/logos/marco-patrocinado.png', 2, 'patrocinador');
INSERT INTO public.events_sponsor VALUES (1, 'AGO Labs', 'https://agqlabs.mx/', 'sponsors/logos/agq.png', 2, 'plata');
INSERT INTO public.events_sponsor VALUES (2, 'Gonzamex', 'https://www.agrogonzamex.com/es', 'sponsors/logos/AGROGON-1.png', 2, 'diamante');
INSERT INTO public.events_sponsor VALUES (3, 'GRUPO BARCO', 'https://grupobarco.mx/', 'sponsors/logos/barco.png', 2, 'plata');
INSERT INTO public.events_sponsor VALUES (4, 'GLC Cerritos', 'https://www.glc.mx/', 'sponsors/logos/cerritos.png', 2, 'diamante');
INSERT INTO public.events_sponsor VALUES (5, 'GIRO', 'https://giro.es/en/', 'sponsors/logos/giro-pt.png', 2, 'plata');
INSERT INTO public.events_sponsor VALUES (6, 'LDC', 'https://ldcdevelopments.com/', 'sponsors/logos/ldc-1.png', 2, 'platino');
INSERT INTO public.events_sponsor VALUES (7, 'LA MAYOR', 'https://www.facebook.com/LaMayorCiudadGuzman/?locale=es_LA', 'sponsors/logos/marco-la-mayor.png', 2, 'patrocinador');
INSERT INTO public.events_sponsor VALUES (9, 'msc', 'https://www.msc.com/', 'sponsors/logos/MSC-1.png', 2, 'diamante');
INSERT INTO public.events_sponsor VALUES (10, 'RAIN BIRD', 'https://www.rainbird.com/es/lta', 'sponsors/logos/rain-oro.png', 2, 'oro');
INSERT INTO public.events_sponsor VALUES (11, 'Roquin AVOCADOS', 'https://www.roquin.com.mx/es', 'sponsors/logos/ROQUIN-1.png', 2, 'diamante');


--
-- Data for Name: geodata_country; Type: TABLE DATA; Schema: public; Owner: postgres
--

INSERT INTO public.geodata_country VALUES (1, 'México');
INSERT INTO public.geodata_country VALUES (2, 'República de china');
INSERT INTO public.geodata_country VALUES (3, 'Japón');
INSERT INTO public.geodata_country VALUES (4, 'Canada');
INSERT INTO public.geodata_country VALUES (5, 'Reino unido');
INSERT INTO public.geodata_country VALUES (6, 'Corea del sur');
INSERT INTO public.geodata_country VALUES (7, 'Hong kong');
INSERT INTO public.geodata_country VALUES (8, 'El salvador');
INSERT INTO public.geodata_country VALUES (9, 'Honduras');
INSERT INTO public.geodata_country VALUES (10, 'Costa rica');
INSERT INTO public.geodata_country VALUES (11, 'Guatemala');
INSERT INTO public.geodata_country VALUES (12, 'Rusia');
INSERT INTO public.geodata_country VALUES (13, 'Argentina');
INSERT INTO public.geodata_country VALUES (14, 'Panamá');
INSERT INTO public.geodata_country VALUES (15, 'Singapur');
INSERT INTO public.geodata_country VALUES (16, 'Emiratos arabes unidos');
INSERT INTO public.geodata_country VALUES (17, 'Chile');
INSERT INTO public.geodata_country VALUES (18, 'Unión europea');
INSERT INTO public.geodata_country VALUES (19, 'Francia');
INSERT INTO public.geodata_country VALUES (20, 'Alemania');
INSERT INTO public.geodata_country VALUES (21, 'Belgica');
INSERT INTO public.geodata_country VALUES (22, 'España');
INSERT INTO public.geodata_country VALUES (23, 'Paises bajos');
INSERT INTO public.geodata_country VALUES (24, 'Portugal');
INSERT INTO public.geodata_country VALUES (25, 'Arabia saudita');
INSERT INTO public.geodata_country VALUES (26, 'Qatar');
INSERT INTO public.geodata_country VALUES (27, 'Kuwait');
INSERT INTO public.geodata_country VALUES (28, 'Bahrein');
INSERT INTO public.geodata_country VALUES (29, 'The netherlands');
INSERT INTO public.geodata_country VALUES (30, 'Malaysia');
INSERT INTO public.geodata_country VALUES (31, 'Suiza');
INSERT INTO public.geodata_country VALUES (32, 'Turquia');
INSERT INTO public.geodata_country VALUES (33, 'Italia');
INSERT INTO public.geodata_country VALUES (34, 'Letonia');
INSERT INTO public.geodata_country VALUES (35, 'Dinamarca');
INSERT INTO public.geodata_country VALUES (36, 'Inglaterra');
INSERT INTO public.geodata_country VALUES (37, 'Rumania');
INSERT INTO public.geodata_country VALUES (38, 'Estados unidos de américa');
INSERT INTO public.geodata_country VALUES (39, 'Dawlat al kuwait');
INSERT INTO public.geodata_country VALUES (40, 'Aeropuerto int de bahrein');
INSERT INTO public.geodata_country VALUES (41, 'Aeropuerto internacional de dubai');
INSERT INTO public.geodata_country VALUES (42, 'Italy');
INSERT INTO public.geodata_country VALUES (43, 'República oriental del uruguay');
INSERT INTO public.geodata_country VALUES (44, 'Luxemburgo');


--
-- Data for Name: geodata_municipality; Type: TABLE DATA; Schema: public; Owner: postgres
--

INSERT INTO public.geodata_municipality VALUES (1, 'Acatic', 1);
INSERT INTO public.geodata_municipality VALUES (2, 'Acatlán de juárez', 1);
INSERT INTO public.geodata_municipality VALUES (3, 'Ahualulco de mercado', 1);
INSERT INTO public.geodata_municipality VALUES (4, 'Amacueca', 1);
INSERT INTO public.geodata_municipality VALUES (5, 'Amatitán', 1);
INSERT INTO public.geodata_municipality VALUES (6, 'Ameca', 1);
INSERT INTO public.geodata_municipality VALUES (7, 'San juanito de escobedo', 1);
INSERT INTO public.geodata_municipality VALUES (8, 'Arandas', 1);
INSERT INTO public.geodata_municipality VALUES (9, 'El arenal', 1);
INSERT INTO public.geodata_municipality VALUES (10, 'Atemajac de brizuela', 1);
INSERT INTO public.geodata_municipality VALUES (11, 'Atengo', 1);
INSERT INTO public.geodata_municipality VALUES (12, 'Atenguillo', 1);
INSERT INTO public.geodata_municipality VALUES (13, 'Atotonilco el alto', 1);
INSERT INTO public.geodata_municipality VALUES (14, 'Atoyac', 1);
INSERT INTO public.geodata_municipality VALUES (15, 'Autlán de navarro', 1);
INSERT INTO public.geodata_municipality VALUES (16, 'Ayotlán', 1);
INSERT INTO public.geodata_municipality VALUES (17, 'Ayutla', 1);
INSERT INTO public.geodata_municipality VALUES (18, 'La barca', 1);
INSERT INTO public.geodata_municipality VALUES (19, 'Bolaños', 1);
INSERT INTO public.geodata_municipality VALUES (20, 'Cabo corrientes', 1);
INSERT INTO public.geodata_municipality VALUES (21, 'Casimiro castillo', 1);
INSERT INTO public.geodata_municipality VALUES (22, 'Cihuatlán', 1);
INSERT INTO public.geodata_municipality VALUES (23, 'Zapotlán el grande', 1);
INSERT INTO public.geodata_municipality VALUES (24, 'Cocula', 1);
INSERT INTO public.geodata_municipality VALUES (25, 'Colotlán', 1);
INSERT INTO public.geodata_municipality VALUES (26, 'Concepción de buenos aires', 1);
INSERT INTO public.geodata_municipality VALUES (27, 'Cuautitlán de garcía barragán', 1);
INSERT INTO public.geodata_municipality VALUES (28, 'Cuautla', 1);
INSERT INTO public.geodata_municipality VALUES (29, 'Cuquío', 1);
INSERT INTO public.geodata_municipality VALUES (30, 'Chapala', 1);
INSERT INTO public.geodata_municipality VALUES (31, 'Chimaltitán', 1);
INSERT INTO public.geodata_municipality VALUES (32, 'Chiquilistlán', 1);
INSERT INTO public.geodata_municipality VALUES (33, 'Degollado', 1);
INSERT INTO public.geodata_municipality VALUES (34, 'Ejutla', 1);
INSERT INTO public.geodata_municipality VALUES (35, 'Encarnación de díaz', 1);
INSERT INTO public.geodata_municipality VALUES (36, 'Etzatlán', 1);
INSERT INTO public.geodata_municipality VALUES (37, 'El grullo', 1);
INSERT INTO public.geodata_municipality VALUES (38, 'Guachinango', 1);
INSERT INTO public.geodata_municipality VALUES (39, 'Guadalajara', 1);
INSERT INTO public.geodata_municipality VALUES (40, 'Hostotipaquillo', 1);
INSERT INTO public.geodata_municipality VALUES (41, 'Huejúcar', 1);
INSERT INTO public.geodata_municipality VALUES (42, 'Huejuquilla el alto', 1);
INSERT INTO public.geodata_municipality VALUES (43, 'La huerta', 1);
INSERT INTO public.geodata_municipality VALUES (44, 'Ixtlahuacán de los membrillos', 1);
INSERT INTO public.geodata_municipality VALUES (45, 'Ixtlahuacán del río', 1);
INSERT INTO public.geodata_municipality VALUES (46, 'Jalostotitlán', 1);
INSERT INTO public.geodata_municipality VALUES (47, 'Jamay', 1);
INSERT INTO public.geodata_municipality VALUES (48, 'Jesús maría', 1);
INSERT INTO public.geodata_municipality VALUES (49, 'Jilotlán de los dolores', 1);
INSERT INTO public.geodata_municipality VALUES (50, 'Jocotepec', 1);
INSERT INTO public.geodata_municipality VALUES (51, 'Juanacatlán', 1);
INSERT INTO public.geodata_municipality VALUES (52, 'Juchitlán', 1);
INSERT INTO public.geodata_municipality VALUES (53, 'Lagos de moreno', 1);
INSERT INTO public.geodata_municipality VALUES (54, 'El limón', 1);
INSERT INTO public.geodata_municipality VALUES (55, 'Magdalena', 1);
INSERT INTO public.geodata_municipality VALUES (56, 'Santa maría del oro', 1);
INSERT INTO public.geodata_municipality VALUES (57, 'La manzanilla de la paz', 1);
INSERT INTO public.geodata_municipality VALUES (58, 'Mascota', 1);
INSERT INTO public.geodata_municipality VALUES (59, 'Mazamitla', 1);
INSERT INTO public.geodata_municipality VALUES (60, 'Mexticacán', 1);
INSERT INTO public.geodata_municipality VALUES (61, 'Mezquitic', 1);
INSERT INTO public.geodata_municipality VALUES (62, 'Mixtlán', 1);
INSERT INTO public.geodata_municipality VALUES (63, 'Ocotlán', 1);
INSERT INTO public.geodata_municipality VALUES (64, 'Ojuelos de jalisco', 1);
INSERT INTO public.geodata_municipality VALUES (65, 'Pihuamo', 1);
INSERT INTO public.geodata_municipality VALUES (66, 'Poncitlán', 1);
INSERT INTO public.geodata_municipality VALUES (67, 'Puerto vallarta', 1);
INSERT INTO public.geodata_municipality VALUES (68, 'Villa purificación', 1);
INSERT INTO public.geodata_municipality VALUES (69, 'Quitupan', 1);
INSERT INTO public.geodata_municipality VALUES (70, 'El salto', 1);
INSERT INTO public.geodata_municipality VALUES (71, 'San cristóbal de la barranca', 1);
INSERT INTO public.geodata_municipality VALUES (72, 'San diego de alejandría', 1);
INSERT INTO public.geodata_municipality VALUES (73, 'San juan de los lagos', 1);
INSERT INTO public.geodata_municipality VALUES (74, 'San julián', 1);
INSERT INTO public.geodata_municipality VALUES (75, 'San marcos', 1);
INSERT INTO public.geodata_municipality VALUES (76, 'San martín de bolaños', 1);
INSERT INTO public.geodata_municipality VALUES (77, 'San martín hidalgo', 1);
INSERT INTO public.geodata_municipality VALUES (78, 'San miguel el alto', 1);
INSERT INTO public.geodata_municipality VALUES (79, 'Gómez farías', 1);
INSERT INTO public.geodata_municipality VALUES (80, 'San sebastián del oeste', 1);
INSERT INTO public.geodata_municipality VALUES (81, 'Santa maría de los ángeles', 1);
INSERT INTO public.geodata_municipality VALUES (82, 'Sayula', 1);
INSERT INTO public.geodata_municipality VALUES (83, 'Tala', 1);
INSERT INTO public.geodata_municipality VALUES (84, 'Talpa de allende', 1);
INSERT INTO public.geodata_municipality VALUES (85, 'Tamazula de gordiano', 1);
INSERT INTO public.geodata_municipality VALUES (86, 'Tapalpa', 1);
INSERT INTO public.geodata_municipality VALUES (87, 'Tecalitlán', 1);
INSERT INTO public.geodata_municipality VALUES (88, 'Tecolotlán', 1);
INSERT INTO public.geodata_municipality VALUES (89, 'Techaluta de montenegro', 1);
INSERT INTO public.geodata_municipality VALUES (90, 'Tenamaxtlán', 1);
INSERT INTO public.geodata_municipality VALUES (91, 'Teocaltiche', 1);
INSERT INTO public.geodata_municipality VALUES (92, 'Teocuitatlán de corona', 1);
INSERT INTO public.geodata_municipality VALUES (93, 'Tepatitlán de morelos', 1);
INSERT INTO public.geodata_municipality VALUES (94, 'Tequila', 1);
INSERT INTO public.geodata_municipality VALUES (95, 'Teuchitlán', 1);
INSERT INTO public.geodata_municipality VALUES (96, 'Tizapán el alto', 1);
INSERT INTO public.geodata_municipality VALUES (97, 'Tlajomulco de zúñiga', 1);
INSERT INTO public.geodata_municipality VALUES (98, 'San pedro tlaquepaque', 1);
INSERT INTO public.geodata_municipality VALUES (99, 'Tolimán', 1);
INSERT INTO public.geodata_municipality VALUES (100, 'Tomatlán', 1);
INSERT INTO public.geodata_municipality VALUES (101, 'Tonalá', 1);
INSERT INTO public.geodata_municipality VALUES (102, 'Tonaya', 1);
INSERT INTO public.geodata_municipality VALUES (103, 'Tonila', 1);
INSERT INTO public.geodata_municipality VALUES (104, 'Totatiche', 1);
INSERT INTO public.geodata_municipality VALUES (105, 'Tototlán', 1);
INSERT INTO public.geodata_municipality VALUES (106, 'Tuxcacuesco', 1);
INSERT INTO public.geodata_municipality VALUES (107, 'Tuxcueca', 1);
INSERT INTO public.geodata_municipality VALUES (108, 'Tuxpan', 1);
INSERT INTO public.geodata_municipality VALUES (109, 'Unión de san antonio', 1);
INSERT INTO public.geodata_municipality VALUES (110, 'Unión de tula', 1);
INSERT INTO public.geodata_municipality VALUES (111, 'Valle de guadalupe', 1);
INSERT INTO public.geodata_municipality VALUES (112, 'Valle de juárez', 1);
INSERT INTO public.geodata_municipality VALUES (113, 'San gabriel', 1);
INSERT INTO public.geodata_municipality VALUES (114, 'Villa corona', 1);
INSERT INTO public.geodata_municipality VALUES (115, 'Villa guerrero', 1);
INSERT INTO public.geodata_municipality VALUES (116, 'Villa hidalgo', 1);
INSERT INTO public.geodata_municipality VALUES (117, 'Cañadas de obregón', 1);
INSERT INTO public.geodata_municipality VALUES (118, 'Yahualica de gonzález gallo', 1);
INSERT INTO public.geodata_municipality VALUES (119, 'Zacoalco de torres', 1);
INSERT INTO public.geodata_municipality VALUES (120, 'Zapopan', 1);
INSERT INTO public.geodata_municipality VALUES (121, 'Zapotiltic', 1);
INSERT INTO public.geodata_municipality VALUES (122, 'Zapotitlán de vadillo', 1);
INSERT INTO public.geodata_municipality VALUES (123, 'Zapotlán del rey', 1);
INSERT INTO public.geodata_municipality VALUES (124, 'Zapotlanejo', 1);
INSERT INTO public.geodata_municipality VALUES (125, 'San ignacio cerro gordo', 1);
INSERT INTO public.geodata_municipality VALUES (126, 'Acambay de ruíz castañeda', 2);
INSERT INTO public.geodata_municipality VALUES (127, 'Acolman', 2);
INSERT INTO public.geodata_municipality VALUES (128, 'Aculco', 2);
INSERT INTO public.geodata_municipality VALUES (129, 'Almoloya de alquisiras', 2);
INSERT INTO public.geodata_municipality VALUES (130, 'Almoloya de juárez', 2);
INSERT INTO public.geodata_municipality VALUES (131, 'Almoloya del río', 2);
INSERT INTO public.geodata_municipality VALUES (132, 'Amanalco', 2);
INSERT INTO public.geodata_municipality VALUES (133, 'Amatepec', 2);
INSERT INTO public.geodata_municipality VALUES (134, 'Amecameca', 2);
INSERT INTO public.geodata_municipality VALUES (135, 'Apaxco', 2);
INSERT INTO public.geodata_municipality VALUES (136, 'Atenco', 2);
INSERT INTO public.geodata_municipality VALUES (137, 'Atizapán', 2);
INSERT INTO public.geodata_municipality VALUES (138, 'Atizapán de zaragoza', 2);
INSERT INTO public.geodata_municipality VALUES (139, 'Atlacomulco', 2);
INSERT INTO public.geodata_municipality VALUES (140, 'Atlautla', 2);
INSERT INTO public.geodata_municipality VALUES (141, 'Axapusco', 2);
INSERT INTO public.geodata_municipality VALUES (142, 'Ayapango', 2);
INSERT INTO public.geodata_municipality VALUES (143, 'Calimaya', 2);
INSERT INTO public.geodata_municipality VALUES (144, 'Capulhuac', 2);
INSERT INTO public.geodata_municipality VALUES (145, 'Coacalco de berriozábal', 2);
INSERT INTO public.geodata_municipality VALUES (146, 'Coatepec harinas', 2);
INSERT INTO public.geodata_municipality VALUES (147, 'Cocotitlán', 2);
INSERT INTO public.geodata_municipality VALUES (148, 'Coyotepec', 2);
INSERT INTO public.geodata_municipality VALUES (149, 'Cuautitlán', 2);
INSERT INTO public.geodata_municipality VALUES (150, 'Chalco', 2);
INSERT INTO public.geodata_municipality VALUES (151, 'Chapa de mota', 2);
INSERT INTO public.geodata_municipality VALUES (152, 'Chapultepec', 2);
INSERT INTO public.geodata_municipality VALUES (153, 'Chiautla', 2);
INSERT INTO public.geodata_municipality VALUES (154, 'Chicoloapan', 2);
INSERT INTO public.geodata_municipality VALUES (155, 'Chiconcuac', 2);
INSERT INTO public.geodata_municipality VALUES (156, 'Chimalhuacán', 2);
INSERT INTO public.geodata_municipality VALUES (157, 'Donato guerra', 2);
INSERT INTO public.geodata_municipality VALUES (158, 'Ecatepec de morelos', 2);
INSERT INTO public.geodata_municipality VALUES (159, 'Ecatzingo', 2);
INSERT INTO public.geodata_municipality VALUES (160, 'Huehuetoca', 2);
INSERT INTO public.geodata_municipality VALUES (161, 'Hueypoxtla', 2);
INSERT INTO public.geodata_municipality VALUES (162, 'Huixquilucan', 2);
INSERT INTO public.geodata_municipality VALUES (163, 'Isidro fabela', 2);
INSERT INTO public.geodata_municipality VALUES (164, 'Ixtapaluca', 2);
INSERT INTO public.geodata_municipality VALUES (165, 'Ixtapan de la sal', 2);
INSERT INTO public.geodata_municipality VALUES (166, 'Ixtapan del oro', 2);
INSERT INTO public.geodata_municipality VALUES (167, 'Ixtlahuaca', 2);
INSERT INTO public.geodata_municipality VALUES (168, 'Xalatlaco', 2);
INSERT INTO public.geodata_municipality VALUES (169, 'Jaltenco', 2);
INSERT INTO public.geodata_municipality VALUES (170, 'Jilotepec', 2);
INSERT INTO public.geodata_municipality VALUES (171, 'Jilotzingo', 2);
INSERT INTO public.geodata_municipality VALUES (172, 'Jiquipilco', 2);
INSERT INTO public.geodata_municipality VALUES (173, 'Jocotitlán', 2);
INSERT INTO public.geodata_municipality VALUES (174, 'Joquicingo', 2);
INSERT INTO public.geodata_municipality VALUES (175, 'Juchitepec', 2);
INSERT INTO public.geodata_municipality VALUES (176, 'Lerma', 2);
INSERT INTO public.geodata_municipality VALUES (177, 'Malinalco', 2);
INSERT INTO public.geodata_municipality VALUES (178, 'Melchor ocampo', 2);
INSERT INTO public.geodata_municipality VALUES (179, 'Metepec', 2);
INSERT INTO public.geodata_municipality VALUES (180, 'Mexicaltzingo', 2);
INSERT INTO public.geodata_municipality VALUES (181, 'Morelos', 2);
INSERT INTO public.geodata_municipality VALUES (182, 'Naucalpan de juárez', 2);
INSERT INTO public.geodata_municipality VALUES (183, 'Nezahualcóyotl', 2);
INSERT INTO public.geodata_municipality VALUES (184, 'Nextlalpan', 2);
INSERT INTO public.geodata_municipality VALUES (185, 'Nicolás romero', 2);
INSERT INTO public.geodata_municipality VALUES (186, 'Nopaltepec', 2);
INSERT INTO public.geodata_municipality VALUES (187, 'Ocoyoacac', 2);
INSERT INTO public.geodata_municipality VALUES (188, 'Ocuilan', 2);
INSERT INTO public.geodata_municipality VALUES (189, 'El oro', 2);
INSERT INTO public.geodata_municipality VALUES (190, 'Otumba', 2);
INSERT INTO public.geodata_municipality VALUES (191, 'Otzoloapan', 2);
INSERT INTO public.geodata_municipality VALUES (192, 'Otzolotepec', 2);
INSERT INTO public.geodata_municipality VALUES (193, 'Ozumba', 2);
INSERT INTO public.geodata_municipality VALUES (194, 'Papalotla', 2);
INSERT INTO public.geodata_municipality VALUES (195, 'La paz', 2);
INSERT INTO public.geodata_municipality VALUES (196, 'Polotitlán', 2);
INSERT INTO public.geodata_municipality VALUES (197, 'Rayón', 2);
INSERT INTO public.geodata_municipality VALUES (198, 'San antonio la isla', 2);
INSERT INTO public.geodata_municipality VALUES (199, 'San felipe del progreso', 2);
INSERT INTO public.geodata_municipality VALUES (200, 'San martín de las pirámides', 2);
INSERT INTO public.geodata_municipality VALUES (201, 'San mateo atenco', 2);
INSERT INTO public.geodata_municipality VALUES (202, 'San simón de guerrero', 2);
INSERT INTO public.geodata_municipality VALUES (203, 'Santo tomás', 2);
INSERT INTO public.geodata_municipality VALUES (204, 'Soyaniquilpan de juárez', 2);
INSERT INTO public.geodata_municipality VALUES (205, 'Sultepec', 2);
INSERT INTO public.geodata_municipality VALUES (206, 'Tecámac', 2);
INSERT INTO public.geodata_municipality VALUES (207, 'Tejupilco', 2);
INSERT INTO public.geodata_municipality VALUES (208, 'Temamatla', 2);
INSERT INTO public.geodata_municipality VALUES (209, 'Temascalapa', 2);
INSERT INTO public.geodata_municipality VALUES (210, 'Temascalcingo', 2);
INSERT INTO public.geodata_municipality VALUES (211, 'Temascaltepec', 2);
INSERT INTO public.geodata_municipality VALUES (212, 'Temoaya', 2);
INSERT INTO public.geodata_municipality VALUES (213, 'Tenancingo', 2);
INSERT INTO public.geodata_municipality VALUES (214, 'Tenango del aire', 2);
INSERT INTO public.geodata_municipality VALUES (215, 'Tenango del valle', 2);
INSERT INTO public.geodata_municipality VALUES (216, 'Teoloyucan', 2);
INSERT INTO public.geodata_municipality VALUES (217, 'Teotihuacán', 2);
INSERT INTO public.geodata_municipality VALUES (218, 'Tepetlaoxtoc', 2);
INSERT INTO public.geodata_municipality VALUES (219, 'Tepetlixpa', 2);
INSERT INTO public.geodata_municipality VALUES (220, 'Tepotzotlán', 2);
INSERT INTO public.geodata_municipality VALUES (221, 'Tequixquiac', 2);
INSERT INTO public.geodata_municipality VALUES (222, 'Texcaltitlán', 2);
INSERT INTO public.geodata_municipality VALUES (223, 'Texcalyacac', 2);
INSERT INTO public.geodata_municipality VALUES (224, 'Texcoco', 2);
INSERT INTO public.geodata_municipality VALUES (225, 'Tezoyuca', 2);
INSERT INTO public.geodata_municipality VALUES (226, 'Tianguistenco', 2);
INSERT INTO public.geodata_municipality VALUES (227, 'Timilpan', 2);
INSERT INTO public.geodata_municipality VALUES (228, 'Tlalmanalco', 2);
INSERT INTO public.geodata_municipality VALUES (229, 'Tlalnepantla de baz', 2);
INSERT INTO public.geodata_municipality VALUES (230, 'Tlatlaya', 2);
INSERT INTO public.geodata_municipality VALUES (231, 'Toluca', 2);
INSERT INTO public.geodata_municipality VALUES (232, 'Tonatico', 2);
INSERT INTO public.geodata_municipality VALUES (233, 'Tultepec', 2);
INSERT INTO public.geodata_municipality VALUES (234, 'Tultitlán', 2);
INSERT INTO public.geodata_municipality VALUES (235, 'Valle de bravo', 2);
INSERT INTO public.geodata_municipality VALUES (236, 'Villa de allende', 2);
INSERT INTO public.geodata_municipality VALUES (237, 'Villa del carbón', 2);
INSERT INTO public.geodata_municipality VALUES (238, 'Villa guerrero', 2);
INSERT INTO public.geodata_municipality VALUES (239, 'Villa victoria', 2);
INSERT INTO public.geodata_municipality VALUES (240, 'Xonacatlán', 2);
INSERT INTO public.geodata_municipality VALUES (241, 'Zacazonapan', 2);
INSERT INTO public.geodata_municipality VALUES (242, 'Zacualpan', 2);
INSERT INTO public.geodata_municipality VALUES (243, 'Zinacantepec', 2);
INSERT INTO public.geodata_municipality VALUES (244, 'Zumpahuacán', 2);
INSERT INTO public.geodata_municipality VALUES (245, 'Zumpango', 2);
INSERT INTO public.geodata_municipality VALUES (246, 'Cuautitlán izcalli', 2);
INSERT INTO public.geodata_municipality VALUES (247, 'Valle de chalco solidaridad', 2);
INSERT INTO public.geodata_municipality VALUES (248, 'Luvianos', 2);
INSERT INTO public.geodata_municipality VALUES (249, 'San josé del rincón', 2);
INSERT INTO public.geodata_municipality VALUES (250, 'Tonanitla', 2);
INSERT INTO public.geodata_municipality VALUES (251, 'Acuitzio', 3);
INSERT INTO public.geodata_municipality VALUES (252, 'Aguililla', 3);
INSERT INTO public.geodata_municipality VALUES (253, 'Álvaro obregón', 3);
INSERT INTO public.geodata_municipality VALUES (254, 'Angamacutiro', 3);
INSERT INTO public.geodata_municipality VALUES (255, 'Angangueo', 3);
INSERT INTO public.geodata_municipality VALUES (256, 'Apatzingán', 3);
INSERT INTO public.geodata_municipality VALUES (257, 'Aporo', 3);
INSERT INTO public.geodata_municipality VALUES (258, 'Aquila', 3);
INSERT INTO public.geodata_municipality VALUES (259, 'Ario', 3);
INSERT INTO public.geodata_municipality VALUES (260, 'Arteaga', 3);
INSERT INTO public.geodata_municipality VALUES (261, 'Briseñas', 3);
INSERT INTO public.geodata_municipality VALUES (262, 'Buenavista', 3);
INSERT INTO public.geodata_municipality VALUES (263, 'Carácuaro', 3);
INSERT INTO public.geodata_municipality VALUES (264, 'Coahuayana', 3);
INSERT INTO public.geodata_municipality VALUES (265, 'Coalcomán de vázquez pallares', 3);
INSERT INTO public.geodata_municipality VALUES (266, 'Coeneo', 3);
INSERT INTO public.geodata_municipality VALUES (267, 'Contepec', 3);
INSERT INTO public.geodata_municipality VALUES (268, 'Copándaro', 3);
INSERT INTO public.geodata_municipality VALUES (269, 'Cotija', 3);
INSERT INTO public.geodata_municipality VALUES (270, 'Cuitzeo', 3);
INSERT INTO public.geodata_municipality VALUES (271, 'Charapan', 3);
INSERT INTO public.geodata_municipality VALUES (272, 'Charo', 3);
INSERT INTO public.geodata_municipality VALUES (273, 'Chavinda', 3);
INSERT INTO public.geodata_municipality VALUES (274, 'Cherán', 3);
INSERT INTO public.geodata_municipality VALUES (275, 'Chilchota', 3);
INSERT INTO public.geodata_municipality VALUES (276, 'Chinicuila', 3);
INSERT INTO public.geodata_municipality VALUES (277, 'Chucándiro', 3);
INSERT INTO public.geodata_municipality VALUES (278, 'Churintzio', 3);
INSERT INTO public.geodata_municipality VALUES (279, 'Churumuco', 3);
INSERT INTO public.geodata_municipality VALUES (280, 'Ecuandureo', 3);
INSERT INTO public.geodata_municipality VALUES (281, 'Epitacio huerta', 3);
INSERT INTO public.geodata_municipality VALUES (282, 'Erongarícuaro', 3);
INSERT INTO public.geodata_municipality VALUES (283, 'Gabriel zamora', 3);
INSERT INTO public.geodata_municipality VALUES (284, 'Hidalgo', 3);
INSERT INTO public.geodata_municipality VALUES (285, 'La huacana', 3);
INSERT INTO public.geodata_municipality VALUES (286, 'Huandacareo', 3);
INSERT INTO public.geodata_municipality VALUES (287, 'Huaniqueo', 3);
INSERT INTO public.geodata_municipality VALUES (288, 'Huetamo', 3);
INSERT INTO public.geodata_municipality VALUES (289, 'Huiramba', 3);
INSERT INTO public.geodata_municipality VALUES (290, 'Indaparapeo', 3);
INSERT INTO public.geodata_municipality VALUES (291, 'Irimbo', 3);
INSERT INTO public.geodata_municipality VALUES (292, 'Ixtlán', 3);
INSERT INTO public.geodata_municipality VALUES (293, 'Jacona', 3);
INSERT INTO public.geodata_municipality VALUES (294, 'Jiménez', 3);
INSERT INTO public.geodata_municipality VALUES (295, 'Jiquilpan', 3);
INSERT INTO public.geodata_municipality VALUES (296, 'Juárez', 3);
INSERT INTO public.geodata_municipality VALUES (297, 'Jungapeo', 3);
INSERT INTO public.geodata_municipality VALUES (298, 'Lagunillas', 3);
INSERT INTO public.geodata_municipality VALUES (299, 'Madero', 3);
INSERT INTO public.geodata_municipality VALUES (300, 'Maravatío', 3);
INSERT INTO public.geodata_municipality VALUES (301, 'Marcos castellanos', 3);
INSERT INTO public.geodata_municipality VALUES (302, 'Lázaro cárdenas', 3);
INSERT INTO public.geodata_municipality VALUES (303, 'Morelia', 3);
INSERT INTO public.geodata_municipality VALUES (304, 'Morelos', 3);
INSERT INTO public.geodata_municipality VALUES (305, 'Múgica', 3);
INSERT INTO public.geodata_municipality VALUES (306, 'Nahuatzen', 3);
INSERT INTO public.geodata_municipality VALUES (307, 'Nocupétaro', 3);
INSERT INTO public.geodata_municipality VALUES (308, 'Nuevo parangaricutiro', 3);
INSERT INTO public.geodata_municipality VALUES (309, 'Nuevo urecho', 3);
INSERT INTO public.geodata_municipality VALUES (310, 'Numarán', 3);
INSERT INTO public.geodata_municipality VALUES (311, 'Ocampo', 3);
INSERT INTO public.geodata_municipality VALUES (312, 'Pajacuarán', 3);
INSERT INTO public.geodata_municipality VALUES (313, 'Panindícuaro', 3);
INSERT INTO public.geodata_municipality VALUES (314, 'Parácuaro', 3);
INSERT INTO public.geodata_municipality VALUES (315, 'Paracho', 3);
INSERT INTO public.geodata_municipality VALUES (316, 'Pátzcuaro', 3);
INSERT INTO public.geodata_municipality VALUES (317, 'Penjamillo', 3);
INSERT INTO public.geodata_municipality VALUES (318, 'Peribán', 3);
INSERT INTO public.geodata_municipality VALUES (319, 'La piedad', 3);
INSERT INTO public.geodata_municipality VALUES (320, 'Purépero', 3);
INSERT INTO public.geodata_municipality VALUES (321, 'Puruándiro', 3);
INSERT INTO public.geodata_municipality VALUES (322, 'Queréndaro', 3);
INSERT INTO public.geodata_municipality VALUES (323, 'Quiroga', 3);
INSERT INTO public.geodata_municipality VALUES (324, 'Cojumatlán de régules', 3);
INSERT INTO public.geodata_municipality VALUES (325, 'Los reyes', 3);
INSERT INTO public.geodata_municipality VALUES (326, 'Sahuayo', 3);
INSERT INTO public.geodata_municipality VALUES (327, 'San lucas', 3);
INSERT INTO public.geodata_municipality VALUES (328, 'Santa ana maya', 3);
INSERT INTO public.geodata_municipality VALUES (329, 'Salvador escalante', 3);
INSERT INTO public.geodata_municipality VALUES (330, 'Senguio', 3);
INSERT INTO public.geodata_municipality VALUES (331, 'Susupuato', 3);
INSERT INTO public.geodata_municipality VALUES (332, 'Tacámbaro', 3);
INSERT INTO public.geodata_municipality VALUES (333, 'Tancítaro', 3);
INSERT INTO public.geodata_municipality VALUES (334, 'Tangamandapio', 3);
INSERT INTO public.geodata_municipality VALUES (335, 'Tangancícuaro', 3);
INSERT INTO public.geodata_municipality VALUES (336, 'Tanhuato', 3);
INSERT INTO public.geodata_municipality VALUES (337, 'Taretan', 3);
INSERT INTO public.geodata_municipality VALUES (338, 'Tarímbaro', 3);
INSERT INTO public.geodata_municipality VALUES (339, 'Tepalcatepec', 3);
INSERT INTO public.geodata_municipality VALUES (340, 'Tingambato', 3);
INSERT INTO public.geodata_municipality VALUES (341, 'Tingüindín', 3);
INSERT INTO public.geodata_municipality VALUES (342, 'Tiquicheo de nicolás romero', 3);
INSERT INTO public.geodata_municipality VALUES (343, 'Tlalpujahua', 3);
INSERT INTO public.geodata_municipality VALUES (344, 'Tlazazalca', 3);
INSERT INTO public.geodata_municipality VALUES (345, 'Tocumbo', 3);
INSERT INTO public.geodata_municipality VALUES (346, 'Tumbiscatío', 3);
INSERT INTO public.geodata_municipality VALUES (347, 'Turicato', 3);
INSERT INTO public.geodata_municipality VALUES (348, 'Tuxpan', 3);
INSERT INTO public.geodata_municipality VALUES (349, 'Tuzantla', 3);
INSERT INTO public.geodata_municipality VALUES (350, 'Tzintzuntzan', 3);
INSERT INTO public.geodata_municipality VALUES (351, 'Tzitzio', 3);
INSERT INTO public.geodata_municipality VALUES (352, 'Uruapan', 3);
INSERT INTO public.geodata_municipality VALUES (353, 'Venustiano carranza', 3);
INSERT INTO public.geodata_municipality VALUES (354, 'Villamar', 3);
INSERT INTO public.geodata_municipality VALUES (355, 'Vista hermosa', 3);
INSERT INTO public.geodata_municipality VALUES (356, 'Yurécuaro', 3);
INSERT INTO public.geodata_municipality VALUES (357, 'Zacapu', 3);
INSERT INTO public.geodata_municipality VALUES (358, 'Zamora', 3);
INSERT INTO public.geodata_municipality VALUES (359, 'Zináparo', 3);
INSERT INTO public.geodata_municipality VALUES (360, 'Zinapécuaro', 3);
INSERT INTO public.geodata_municipality VALUES (361, 'Ziracuaretiro', 3);
INSERT INTO public.geodata_municipality VALUES (362, 'Zitácuaro', 3);
INSERT INTO public.geodata_municipality VALUES (363, 'José sixto verduzco', 3);
INSERT INTO public.geodata_municipality VALUES (364, 'Acaponeta', 4);
INSERT INTO public.geodata_municipality VALUES (365, 'Ahuacatlán', 4);
INSERT INTO public.geodata_municipality VALUES (366, 'Amatlán de cañas', 4);
INSERT INTO public.geodata_municipality VALUES (367, 'Compostela', 4);
INSERT INTO public.geodata_municipality VALUES (368, 'Huajicori', 4);
INSERT INTO public.geodata_municipality VALUES (369, 'Ixtlán del río', 4);
INSERT INTO public.geodata_municipality VALUES (370, 'Jala', 4);
INSERT INTO public.geodata_municipality VALUES (371, 'Xalisco', 4);
INSERT INTO public.geodata_municipality VALUES (372, 'Del nayar', 4);
INSERT INTO public.geodata_municipality VALUES (373, 'Rosamorada', 4);
INSERT INTO public.geodata_municipality VALUES (374, 'Ruíz', 4);
INSERT INTO public.geodata_municipality VALUES (375, 'San blas', 4);
INSERT INTO public.geodata_municipality VALUES (376, 'San pedro lagunillas', 4);
INSERT INTO public.geodata_municipality VALUES (377, 'Santa maría del oro', 4);
INSERT INTO public.geodata_municipality VALUES (378, 'Santiago ixcuintla', 4);
INSERT INTO public.geodata_municipality VALUES (379, 'Tecuala', 4);
INSERT INTO public.geodata_municipality VALUES (380, 'Tepic', 4);
INSERT INTO public.geodata_municipality VALUES (381, 'Tuxpan', 4);
INSERT INTO public.geodata_municipality VALUES (382, 'La yesca', 4);
INSERT INTO public.geodata_municipality VALUES (383, 'Bahía de banderas', 4);
INSERT INTO public.geodata_municipality VALUES (384, 'Acajete', 5);
INSERT INTO public.geodata_municipality VALUES (385, 'Acatlán', 5);
INSERT INTO public.geodata_municipality VALUES (386, 'Acayucan', 5);
INSERT INTO public.geodata_municipality VALUES (387, 'Actopan', 5);
INSERT INTO public.geodata_municipality VALUES (388, 'Acula', 5);
INSERT INTO public.geodata_municipality VALUES (389, 'Acultzingo', 5);
INSERT INTO public.geodata_municipality VALUES (390, 'Camarón de tejeda', 5);
INSERT INTO public.geodata_municipality VALUES (391, 'Alpatláhuac', 5);
INSERT INTO public.geodata_municipality VALUES (392, 'Alto lucero de gutiérrez barrios', 5);
INSERT INTO public.geodata_municipality VALUES (393, 'Altotonga', 5);
INSERT INTO public.geodata_municipality VALUES (394, 'Alvarado', 5);
INSERT INTO public.geodata_municipality VALUES (395, 'Amatitlán', 5);
INSERT INTO public.geodata_municipality VALUES (396, 'Naranjos amatlán', 5);
INSERT INTO public.geodata_municipality VALUES (397, 'Amatlán de los reyes', 5);
INSERT INTO public.geodata_municipality VALUES (398, 'Angel r. cabada', 5);
INSERT INTO public.geodata_municipality VALUES (399, 'La antigua', 5);
INSERT INTO public.geodata_municipality VALUES (400, 'Apazapan', 5);
INSERT INTO public.geodata_municipality VALUES (401, 'Aquila', 5);
INSERT INTO public.geodata_municipality VALUES (402, 'Astacinga', 5);
INSERT INTO public.geodata_municipality VALUES (403, 'Atlahuilco', 5);
INSERT INTO public.geodata_municipality VALUES (404, 'Atoyac', 5);
INSERT INTO public.geodata_municipality VALUES (405, 'Atzacan', 5);
INSERT INTO public.geodata_municipality VALUES (406, 'Atzalan', 5);
INSERT INTO public.geodata_municipality VALUES (407, 'Tlaltetela', 5);
INSERT INTO public.geodata_municipality VALUES (408, 'Ayahualulco', 5);
INSERT INTO public.geodata_municipality VALUES (409, 'Banderilla', 5);
INSERT INTO public.geodata_municipality VALUES (410, 'Benito juárez', 5);
INSERT INTO public.geodata_municipality VALUES (411, 'Boca del río', 5);
INSERT INTO public.geodata_municipality VALUES (412, 'Calcahualco', 5);
INSERT INTO public.geodata_municipality VALUES (413, 'Camerino z. mendoza', 5);
INSERT INTO public.geodata_municipality VALUES (414, 'Carrillo puerto', 5);
INSERT INTO public.geodata_municipality VALUES (415, 'Catemaco', 5);
INSERT INTO public.geodata_municipality VALUES (416, 'Cazones de herrera', 5);
INSERT INTO public.geodata_municipality VALUES (417, 'Cerro azul', 5);
INSERT INTO public.geodata_municipality VALUES (418, 'Citlaltépetl', 5);
INSERT INTO public.geodata_municipality VALUES (419, 'Coacoatzintla', 5);
INSERT INTO public.geodata_municipality VALUES (420, 'Coahuitlán', 5);
INSERT INTO public.geodata_municipality VALUES (421, 'Coatepec', 5);
INSERT INTO public.geodata_municipality VALUES (422, 'Coatzacoalcos', 5);
INSERT INTO public.geodata_municipality VALUES (423, 'Coatzintla', 5);
INSERT INTO public.geodata_municipality VALUES (424, 'Coetzala', 5);
INSERT INTO public.geodata_municipality VALUES (425, 'Colipa', 5);
INSERT INTO public.geodata_municipality VALUES (426, 'Comapa', 5);
INSERT INTO public.geodata_municipality VALUES (427, 'Córdoba', 5);
INSERT INTO public.geodata_municipality VALUES (428, 'Cosamaloapan de carpio', 5);
INSERT INTO public.geodata_municipality VALUES (429, 'Cosautlán de carvajal', 5);
INSERT INTO public.geodata_municipality VALUES (430, 'Coscomatepec', 5);
INSERT INTO public.geodata_municipality VALUES (431, 'Cosoleacaque', 5);
INSERT INTO public.geodata_municipality VALUES (432, 'Cotaxtla', 5);
INSERT INTO public.geodata_municipality VALUES (433, 'Coxquihui', 5);
INSERT INTO public.geodata_municipality VALUES (434, 'Coyutla', 5);
INSERT INTO public.geodata_municipality VALUES (435, 'Cuichapa', 5);
INSERT INTO public.geodata_municipality VALUES (436, 'Cuitláhuac', 5);
INSERT INTO public.geodata_municipality VALUES (437, 'Chacaltianguis', 5);
INSERT INTO public.geodata_municipality VALUES (438, 'Chalma', 5);
INSERT INTO public.geodata_municipality VALUES (439, 'Chiconamel', 5);
INSERT INTO public.geodata_municipality VALUES (440, 'Chiconquiaco', 5);
INSERT INTO public.geodata_municipality VALUES (441, 'Chicontepec', 5);
INSERT INTO public.geodata_municipality VALUES (442, 'Chinameca', 5);
INSERT INTO public.geodata_municipality VALUES (443, 'Chinampa de gorostiza', 5);
INSERT INTO public.geodata_municipality VALUES (444, 'Las choapas', 5);
INSERT INTO public.geodata_municipality VALUES (445, 'Chocamán', 5);
INSERT INTO public.geodata_municipality VALUES (446, 'Chontla', 5);
INSERT INTO public.geodata_municipality VALUES (447, 'Chumatlán', 5);
INSERT INTO public.geodata_municipality VALUES (448, 'Emiliano zapata', 5);
INSERT INTO public.geodata_municipality VALUES (449, 'Espinal', 5);
INSERT INTO public.geodata_municipality VALUES (450, 'Filomeno mata', 5);
INSERT INTO public.geodata_municipality VALUES (451, 'Fortín', 5);
INSERT INTO public.geodata_municipality VALUES (452, 'Gutiérrez zamora', 5);
INSERT INTO public.geodata_municipality VALUES (453, 'Hidalgotitlán', 5);
INSERT INTO public.geodata_municipality VALUES (454, 'Huatusco', 5);
INSERT INTO public.geodata_municipality VALUES (455, 'Huayacocotla', 5);
INSERT INTO public.geodata_municipality VALUES (456, 'Hueyapan de ocampo', 5);
INSERT INTO public.geodata_municipality VALUES (457, 'Huiloapan de cuauhtémoc', 5);
INSERT INTO public.geodata_municipality VALUES (458, 'Ignacio de la llave', 5);
INSERT INTO public.geodata_municipality VALUES (459, 'Ilamatlán', 5);
INSERT INTO public.geodata_municipality VALUES (460, 'Isla', 5);
INSERT INTO public.geodata_municipality VALUES (461, 'Ixcatepec', 5);
INSERT INTO public.geodata_municipality VALUES (462, 'Ixhuacán de los reyes', 5);
INSERT INTO public.geodata_municipality VALUES (463, 'Ixhuatlán del café', 5);
INSERT INTO public.geodata_municipality VALUES (464, 'Ixhuatlancillo', 5);
INSERT INTO public.geodata_municipality VALUES (465, 'Ixhuatlán del sureste', 5);
INSERT INTO public.geodata_municipality VALUES (466, 'Ixhuatlán de madero', 5);
INSERT INTO public.geodata_municipality VALUES (467, 'Ixmatlahuacan', 5);
INSERT INTO public.geodata_municipality VALUES (468, 'Ixtaczoquitlán', 5);
INSERT INTO public.geodata_municipality VALUES (469, 'Jalacingo', 5);
INSERT INTO public.geodata_municipality VALUES (470, 'Xalapa', 5);
INSERT INTO public.geodata_municipality VALUES (471, 'Jalcomulco', 5);
INSERT INTO public.geodata_municipality VALUES (472, 'Jáltipan', 5);
INSERT INTO public.geodata_municipality VALUES (473, 'Jamapa', 5);
INSERT INTO public.geodata_municipality VALUES (474, 'Jesús carranza', 5);
INSERT INTO public.geodata_municipality VALUES (475, 'Xico', 5);
INSERT INTO public.geodata_municipality VALUES (476, 'Jilotepec', 5);
INSERT INTO public.geodata_municipality VALUES (477, 'Juan rodríguez clara', 5);
INSERT INTO public.geodata_municipality VALUES (478, 'Juchique de ferrer', 5);
INSERT INTO public.geodata_municipality VALUES (479, 'Landero y coss', 5);
INSERT INTO public.geodata_municipality VALUES (480, 'Lerdo de tejada', 5);
INSERT INTO public.geodata_municipality VALUES (481, 'Magdalena', 5);
INSERT INTO public.geodata_municipality VALUES (482, 'Maltrata', 5);
INSERT INTO public.geodata_municipality VALUES (483, 'Manlio fabio altamirano', 5);
INSERT INTO public.geodata_municipality VALUES (484, 'Mariano escobedo', 5);
INSERT INTO public.geodata_municipality VALUES (485, 'Martínez de la torre', 5);
INSERT INTO public.geodata_municipality VALUES (486, 'Mecatlán', 5);
INSERT INTO public.geodata_municipality VALUES (487, 'Mecayapan', 5);
INSERT INTO public.geodata_municipality VALUES (488, 'Medellín de bravo', 5);
INSERT INTO public.geodata_municipality VALUES (489, 'Miahuatlán', 5);
INSERT INTO public.geodata_municipality VALUES (490, 'Las minas', 5);
INSERT INTO public.geodata_municipality VALUES (491, 'Minatitlán', 5);
INSERT INTO public.geodata_municipality VALUES (492, 'Misantla', 5);
INSERT INTO public.geodata_municipality VALUES (493, 'Mixtla de altamirano', 5);
INSERT INTO public.geodata_municipality VALUES (494, 'Moloacán', 5);
INSERT INTO public.geodata_municipality VALUES (495, 'Naolinco', 5);
INSERT INTO public.geodata_municipality VALUES (496, 'Naranjal', 5);
INSERT INTO public.geodata_municipality VALUES (497, 'Nautla', 5);
INSERT INTO public.geodata_municipality VALUES (498, 'Nogales', 5);
INSERT INTO public.geodata_municipality VALUES (499, 'Oluta', 5);
INSERT INTO public.geodata_municipality VALUES (500, 'Omealca', 5);
INSERT INTO public.geodata_municipality VALUES (501, 'Orizaba', 5);
INSERT INTO public.geodata_municipality VALUES (502, 'Otatitlán', 5);
INSERT INTO public.geodata_municipality VALUES (503, 'Oteapan', 5);
INSERT INTO public.geodata_municipality VALUES (504, 'Ozuluama de mascareñas', 5);
INSERT INTO public.geodata_municipality VALUES (505, 'Pajapan', 5);
INSERT INTO public.geodata_municipality VALUES (506, 'Pánuco', 5);
INSERT INTO public.geodata_municipality VALUES (507, 'Papantla', 5);
INSERT INTO public.geodata_municipality VALUES (508, 'Paso del macho', 5);
INSERT INTO public.geodata_municipality VALUES (509, 'Paso de ovejas', 5);
INSERT INTO public.geodata_municipality VALUES (510, 'La perla', 5);
INSERT INTO public.geodata_municipality VALUES (511, 'Perote', 5);
INSERT INTO public.geodata_municipality VALUES (512, 'Platón sánchez', 5);
INSERT INTO public.geodata_municipality VALUES (513, 'Playa vicente', 5);
INSERT INTO public.geodata_municipality VALUES (514, 'Poza rica de hidalgo', 5);
INSERT INTO public.geodata_municipality VALUES (515, 'Las vigas de ramírez', 5);
INSERT INTO public.geodata_municipality VALUES (516, 'Pueblo viejo', 5);
INSERT INTO public.geodata_municipality VALUES (517, 'Puente nacional', 5);
INSERT INTO public.geodata_municipality VALUES (518, 'Rafael delgado', 5);
INSERT INTO public.geodata_municipality VALUES (519, 'Rafael lucio', 5);
INSERT INTO public.geodata_municipality VALUES (520, 'Los reyes', 5);
INSERT INTO public.geodata_municipality VALUES (521, 'Río blanco', 5);
INSERT INTO public.geodata_municipality VALUES (522, 'Saltabarranca', 5);
INSERT INTO public.geodata_municipality VALUES (523, 'San andrés tenejapan', 5);
INSERT INTO public.geodata_municipality VALUES (524, 'San andrés tuxtla', 5);
INSERT INTO public.geodata_municipality VALUES (525, 'San juan evangelista', 5);
INSERT INTO public.geodata_municipality VALUES (526, 'Santiago tuxtla', 5);
INSERT INTO public.geodata_municipality VALUES (527, 'Sayula de alemán', 5);
INSERT INTO public.geodata_municipality VALUES (528, 'Soconusco', 5);
INSERT INTO public.geodata_municipality VALUES (529, 'Sochiapa', 5);
INSERT INTO public.geodata_municipality VALUES (530, 'Soledad atzompa', 5);
INSERT INTO public.geodata_municipality VALUES (531, 'Soledad de doblado', 5);
INSERT INTO public.geodata_municipality VALUES (532, 'Soteapan', 5);
INSERT INTO public.geodata_municipality VALUES (533, 'Tamalín', 5);
INSERT INTO public.geodata_municipality VALUES (534, 'Tamiahua', 5);
INSERT INTO public.geodata_municipality VALUES (535, 'Tampico alto', 5);
INSERT INTO public.geodata_municipality VALUES (536, 'Tancoco', 5);
INSERT INTO public.geodata_municipality VALUES (537, 'Tantima', 5);
INSERT INTO public.geodata_municipality VALUES (538, 'Tantoyuca', 5);
INSERT INTO public.geodata_municipality VALUES (539, 'Tatatila', 5);
INSERT INTO public.geodata_municipality VALUES (540, 'Castillo de teayo', 5);
INSERT INTO public.geodata_municipality VALUES (541, 'Tecolutla', 5);
INSERT INTO public.geodata_municipality VALUES (542, 'Tehuipango', 5);
INSERT INTO public.geodata_municipality VALUES (543, 'Álamo temapache', 5);
INSERT INTO public.geodata_municipality VALUES (544, 'Tempoal', 5);
INSERT INTO public.geodata_municipality VALUES (545, 'Tenampa', 5);
INSERT INTO public.geodata_municipality VALUES (546, 'Tenochtitlán', 5);
INSERT INTO public.geodata_municipality VALUES (547, 'Teocelo', 5);
INSERT INTO public.geodata_municipality VALUES (548, 'Tepatlaxco', 5);
INSERT INTO public.geodata_municipality VALUES (549, 'Tepetlán', 5);
INSERT INTO public.geodata_municipality VALUES (550, 'Tepetzintla', 5);
INSERT INTO public.geodata_municipality VALUES (551, 'Tequila', 5);
INSERT INTO public.geodata_municipality VALUES (552, 'José azueta', 5);
INSERT INTO public.geodata_municipality VALUES (553, 'Texcatepec', 5);
INSERT INTO public.geodata_municipality VALUES (554, 'Texhuacán', 5);
INSERT INTO public.geodata_municipality VALUES (555, 'Texistepec', 5);
INSERT INTO public.geodata_municipality VALUES (556, 'Tezonapa', 5);
INSERT INTO public.geodata_municipality VALUES (557, 'Tierra blanca', 5);
INSERT INTO public.geodata_municipality VALUES (558, 'Tihuatlán', 5);
INSERT INTO public.geodata_municipality VALUES (559, 'Tlacojalpan', 5);
INSERT INTO public.geodata_municipality VALUES (560, 'Tlacolulan', 5);
INSERT INTO public.geodata_municipality VALUES (561, 'Tlacotalpan', 5);
INSERT INTO public.geodata_municipality VALUES (562, 'Tlacotepec de mejía', 5);
INSERT INTO public.geodata_municipality VALUES (563, 'Tlachichilco', 5);
INSERT INTO public.geodata_municipality VALUES (564, 'Tlalixcoyan', 5);
INSERT INTO public.geodata_municipality VALUES (565, 'Tlalnelhuayocan', 5);
INSERT INTO public.geodata_municipality VALUES (566, 'Tlapacoyan', 5);
INSERT INTO public.geodata_municipality VALUES (567, 'Tlaquilpa', 5);
INSERT INTO public.geodata_municipality VALUES (568, 'Tlilapan', 5);
INSERT INTO public.geodata_municipality VALUES (569, 'Tomatlán', 5);
INSERT INTO public.geodata_municipality VALUES (570, 'Tonayán', 5);
INSERT INTO public.geodata_municipality VALUES (571, 'Totutla', 5);
INSERT INTO public.geodata_municipality VALUES (572, 'Tuxpan', 5);
INSERT INTO public.geodata_municipality VALUES (573, 'Tuxtilla', 5);
INSERT INTO public.geodata_municipality VALUES (574, 'Ursulo galván', 5);
INSERT INTO public.geodata_municipality VALUES (575, 'Vega de alatorre', 5);
INSERT INTO public.geodata_municipality VALUES (576, 'Veracruz', 5);
INSERT INTO public.geodata_municipality VALUES (577, 'Villa aldama', 5);
INSERT INTO public.geodata_municipality VALUES (578, 'Xoxocotla', 5);
INSERT INTO public.geodata_municipality VALUES (579, 'Yanga', 5);
INSERT INTO public.geodata_municipality VALUES (580, 'Yecuatla', 5);
INSERT INTO public.geodata_municipality VALUES (581, 'Zacualpan', 5);
INSERT INTO public.geodata_municipality VALUES (582, 'Zaragoza', 5);
INSERT INTO public.geodata_municipality VALUES (583, 'Zentla', 5);
INSERT INTO public.geodata_municipality VALUES (584, 'Zongolica', 5);
INSERT INTO public.geodata_municipality VALUES (585, 'Zontecomatlán de lópez y fuentes', 5);
INSERT INTO public.geodata_municipality VALUES (586, 'Zozocolco de hidalgo', 5);
INSERT INTO public.geodata_municipality VALUES (587, 'Agua dulce', 5);
INSERT INTO public.geodata_municipality VALUES (588, 'El higo', 5);
INSERT INTO public.geodata_municipality VALUES (589, 'Nanchital de lázaro cárdenas del río', 5);
INSERT INTO public.geodata_municipality VALUES (590, 'Tres valles', 5);
INSERT INTO public.geodata_municipality VALUES (591, 'Carlos a. carrillo', 5);
INSERT INTO public.geodata_municipality VALUES (592, 'Tatahuicapan de juárez', 5);
INSERT INTO public.geodata_municipality VALUES (593, 'Uxpanapa', 5);
INSERT INTO public.geodata_municipality VALUES (594, 'San rafael', 5);
INSERT INTO public.geodata_municipality VALUES (595, 'Santiago sochiapan', 5);
INSERT INTO public.geodata_municipality VALUES (596, 'Amacuzac', 6);
INSERT INTO public.geodata_municipality VALUES (597, 'Atlatlahucan', 6);
INSERT INTO public.geodata_municipality VALUES (598, 'Axochiapan', 6);
INSERT INTO public.geodata_municipality VALUES (599, 'Ayala', 6);
INSERT INTO public.geodata_municipality VALUES (600, 'Coatlán del río', 6);
INSERT INTO public.geodata_municipality VALUES (601, 'Cuautla', 6);
INSERT INTO public.geodata_municipality VALUES (602, 'Cuernavaca', 6);
INSERT INTO public.geodata_municipality VALUES (603, 'Emiliano zapata', 6);
INSERT INTO public.geodata_municipality VALUES (604, 'Huitzilac', 6);
INSERT INTO public.geodata_municipality VALUES (605, 'Jantetelco', 6);
INSERT INTO public.geodata_municipality VALUES (606, 'Jiutepec', 6);
INSERT INTO public.geodata_municipality VALUES (607, 'Jojutla', 6);
INSERT INTO public.geodata_municipality VALUES (608, 'Jonacatepec', 6);
INSERT INTO public.geodata_municipality VALUES (609, 'Mazatepec', 6);
INSERT INTO public.geodata_municipality VALUES (610, 'Miacatlán', 6);
INSERT INTO public.geodata_municipality VALUES (611, 'Ocuituco', 6);
INSERT INTO public.geodata_municipality VALUES (612, 'Puente de ixtla', 6);
INSERT INTO public.geodata_municipality VALUES (613, 'Temixco', 6);
INSERT INTO public.geodata_municipality VALUES (614, 'Tepalcingo', 6);
INSERT INTO public.geodata_municipality VALUES (615, 'Tepoztlán', 6);
INSERT INTO public.geodata_municipality VALUES (616, 'Tetecala', 6);
INSERT INTO public.geodata_municipality VALUES (617, 'Tetela del volcán', 6);
INSERT INTO public.geodata_municipality VALUES (618, 'Tlalnepantla', 6);
INSERT INTO public.geodata_municipality VALUES (619, 'Tlaltizapán', 6);
INSERT INTO public.geodata_municipality VALUES (620, 'Tlaquiltenango', 6);
INSERT INTO public.geodata_municipality VALUES (621, 'Tlayacapan', 6);
INSERT INTO public.geodata_municipality VALUES (622, 'Totolapan', 6);
INSERT INTO public.geodata_municipality VALUES (623, 'Xochitepec', 6);
INSERT INTO public.geodata_municipality VALUES (624, 'Yautepec', 6);
INSERT INTO public.geodata_municipality VALUES (625, 'Yecapixtla', 6);
INSERT INTO public.geodata_municipality VALUES (626, 'Zacatepec', 6);
INSERT INTO public.geodata_municipality VALUES (627, 'Zacualpan', 6);
INSERT INTO public.geodata_municipality VALUES (628, 'Temoac', 6);
INSERT INTO public.geodata_municipality VALUES (629, 'Armería', 7);
INSERT INTO public.geodata_municipality VALUES (630, 'Colima', 7);
INSERT INTO public.geodata_municipality VALUES (631, 'Comala', 7);
INSERT INTO public.geodata_municipality VALUES (632, 'Coquimatlán', 7);
INSERT INTO public.geodata_municipality VALUES (633, 'Cuauhtémoc', 7);
INSERT INTO public.geodata_municipality VALUES (634, 'Ixtlahuacán', 7);
INSERT INTO public.geodata_municipality VALUES (635, 'Manzanillo', 7);
INSERT INTO public.geodata_municipality VALUES (636, 'Minatitlán', 7);
INSERT INTO public.geodata_municipality VALUES (637, 'Tecomán', 7);
INSERT INTO public.geodata_municipality VALUES (638, 'Villa de álvarez', 7);
INSERT INTO public.geodata_municipality VALUES (639, 'Shangai', 8);
INSERT INTO public.geodata_municipality VALUES (640, 'Osaka', 9);
INSERT INTO public.geodata_municipality VALUES (641, 'Montreal', 10);
INSERT INTO public.geodata_municipality VALUES (642, 'Toronto', 11);
INSERT INTO public.geodata_municipality VALUES (643, 'Essex', 12);
INSERT INTO public.geodata_municipality VALUES (644, 'Yeongdeungpo-gu', 13);
INSERT INTO public.geodata_municipality VALUES (645, 'Valle-niza', 14);
INSERT INTO public.geodata_municipality VALUES (646, 'San salvador', 15);
INSERT INTO public.geodata_municipality VALUES (647, 'Tegucigalpa', 16);
INSERT INTO public.geodata_municipality VALUES (648, 'Cártago', 17);
INSERT INTO public.geodata_municipality VALUES (649, 'Villa nueva', 18);
INSERT INTO public.geodata_municipality VALUES (650, 'Moscú', 19);
INSERT INTO public.geodata_municipality VALUES (651, 'Buenos aires', 20);
INSERT INTO public.geodata_municipality VALUES (652, 'Panamá', 21);
INSERT INTO public.geodata_municipality VALUES (653, 'Singapur', 22);
INSERT INTO public.geodata_municipality VALUES (654, 'Dubai', 23);
INSERT INTO public.geodata_municipality VALUES (655, 'Valparaíso,', 24);
INSERT INTO public.geodata_municipality VALUES (656, 'Sha tin', 25);
INSERT INTO public.geodata_municipality VALUES (657, 'Le havre', 26);
INSERT INTO public.geodata_municipality VALUES (658, 'Paris', 27);
INSERT INTO public.geodata_municipality VALUES (659, 'Berlin', 29);
INSERT INTO public.geodata_municipality VALUES (660, 'Kleinmachnow ', 30);
INSERT INTO public.geodata_municipality VALUES (661, 'Amberes', 31);
INSERT INTO public.geodata_municipality VALUES (662, 'Algeciras', 28);
INSERT INTO public.geodata_municipality VALUES (663, 'Madrid', 35);
INSERT INTO public.geodata_municipality VALUES (664, 'Amsterdam', 32);
INSERT INTO public.geodata_municipality VALUES (665, 'Rotterdam', 33);
INSERT INTO public.geodata_municipality VALUES (666, 'Lisboa', 34);
INSERT INTO public.geodata_municipality VALUES (667, 'Doha', 37);
INSERT INTO public.geodata_municipality VALUES (668, 'Kuwait', 38);
INSERT INTO public.geodata_municipality VALUES (669, 'Bahrein', 39);
INSERT INTO public.geodata_municipality VALUES (670, 'Tokio', 40);
INSERT INTO public.geodata_municipality VALUES (671, 'Yokohama', 41);
INSERT INTO public.geodata_municipality VALUES (672, 'Kobe', 42);
INSERT INTO public.geodata_municipality VALUES (673, 'Hakata', 43);
INSERT INTO public.geodata_municipality VALUES (674, 'Ontario', 11);
INSERT INTO public.geodata_municipality VALUES (675, 'Calgary', 44);
INSERT INTO public.geodata_municipality VALUES (676, 'Liege', 45);
INSERT INTO public.geodata_municipality VALUES (677, 'Amberes', 46);
INSERT INTO public.geodata_municipality VALUES (678, 'Windsor', 11);
INSERT INTO public.geodata_municipality VALUES (679, 'Virgil', 11);
INSERT INTO public.geodata_municipality VALUES (680, 'Montreal ', 47);
INSERT INTO public.geodata_municipality VALUES (681, 'Montreal', 47);
INSERT INTO public.geodata_municipality VALUES (682, 'Langley', 48);
INSERT INTO public.geodata_municipality VALUES (683, 'Calgary', 49);
INSERT INTO public.geodata_municipality VALUES (684, 'Surrey', 48);
INSERT INTO public.geodata_municipality VALUES (685, 'Narita', 50);
INSERT INTO public.geodata_municipality VALUES (686, 'Dammam, arabia saudita', 51);
INSERT INTO public.geodata_municipality VALUES (687, 'Yaumatei', 52);
INSERT INTO public.geodata_municipality VALUES (688, 'Hong kong ', 53);
INSERT INTO public.geodata_municipality VALUES (689, 'Kuala lumpur', 54);
INSERT INTO public.geodata_municipality VALUES (690, 'Antwerp', 55);
INSERT INTO public.geodata_municipality VALUES (691, 'Uspallata', 56);
INSERT INTO public.geodata_municipality VALUES (692, 'Malaga', 57);
INSERT INTO public.geodata_municipality VALUES (693, 'Lieja', 58);
INSERT INTO public.geodata_municipality VALUES (694, 'London, heathrow airport', 60);
INSERT INTO public.geodata_municipality VALUES (695, 'Frankfurt', 61);
INSERT INTO public.geodata_municipality VALUES (696, 'Tomakomai', 59);
INSERT INTO public.geodata_municipality VALUES (697, 'Schönefel, alemania', 29);
INSERT INTO public.geodata_municipality VALUES (698, 'Oberding / schwaig', 62);
INSERT INTO public.geodata_municipality VALUES (699, 'Dubai', 63);
INSERT INTO public.geodata_municipality VALUES (700, 'Columbia britanica ', 64);
INSERT INTO public.geodata_municipality VALUES (701, 'Montevideo', 67);
INSERT INTO public.geodata_municipality VALUES (702, 'Milton', 11);
INSERT INTO public.geodata_municipality VALUES (703, 'London', 118);
INSERT INTO public.geodata_municipality VALUES (704, 'Hulu kelang', 119);
INSERT INTO public.geodata_municipality VALUES (705, 'Jeddah', 120);
INSERT INTO public.geodata_municipality VALUES (706, 'South surrey, bc', 48);
INSERT INTO public.geodata_municipality VALUES (707, 'Okinawa', 121);
INSERT INTO public.geodata_municipality VALUES (708, 'Brantford', 11);
INSERT INTO public.geodata_municipality VALUES (709, 'Ajax', 11);
INSERT INTO public.geodata_municipality VALUES (710, 'Sandweiler ', 122);
INSERT INTO public.geodata_municipality VALUES (711, 'Regina', 123);
INSERT INTO public.geodata_municipality VALUES (712, 'Boucherville', 10);
INSERT INTO public.geodata_municipality VALUES (713, 'Cambridge', 11);
INSERT INTO public.geodata_municipality VALUES (714, 'Halton hills', 11);
INSERT INTO public.geodata_municipality VALUES (715, 'Vancouver ', 48);
INSERT INTO public.geodata_municipality VALUES (716, 'Kuwait', 124);
INSERT INTO public.geodata_municipality VALUES (717, 'Sulaibiya', 124);


--
-- Data for Name: geodata_state; Type: TABLE DATA; Schema: public; Owner: postgres
--

INSERT INTO public.geodata_state VALUES (1, 'Jalisco', 1);
INSERT INTO public.geodata_state VALUES (2, 'Estado de méxico', 1);
INSERT INTO public.geodata_state VALUES (3, 'Michoacán de ocampo', 1);
INSERT INTO public.geodata_state VALUES (4, 'Nayarit', 1);
INSERT INTO public.geodata_state VALUES (5, 'Veracruz de ignacio de la llave', 1);
INSERT INTO public.geodata_state VALUES (6, 'Morelos', 1);
INSERT INTO public.geodata_state VALUES (7, 'Colima', 1);
INSERT INTO public.geodata_state VALUES (8, 'Shangai', 2);
INSERT INTO public.geodata_state VALUES (9, 'Osaka', 3);
INSERT INTO public.geodata_state VALUES (10, 'Quebec', 4);
INSERT INTO public.geodata_state VALUES (11, 'Ontario', 4);
INSERT INTO public.geodata_state VALUES (12, 'Essex', 5);
INSERT INTO public.geodata_state VALUES (13, 'Seúl', 6);
INSERT INTO public.geodata_state VALUES (14, 'Andalucía', 18);
INSERT INTO public.geodata_state VALUES (15, 'San salvador', 8);
INSERT INTO public.geodata_state VALUES (16, 'Tegucigalpa', 9);
INSERT INTO public.geodata_state VALUES (17, 'Cártago', 10);
INSERT INTO public.geodata_state VALUES (18, 'Guatemala', 11);
INSERT INTO public.geodata_state VALUES (19, 'Óblast de moscú', 12);
INSERT INTO public.geodata_state VALUES (20, 'Buenos aires', 13);
INSERT INTO public.geodata_state VALUES (21, 'Panamá', 14);
INSERT INTO public.geodata_state VALUES (22, 'Centro singapur', 15);
INSERT INTO public.geodata_state VALUES (23, 'Dubai', 16);
INSERT INTO public.geodata_state VALUES (24, 'Valparaíso,', 17);
INSERT INTO public.geodata_state VALUES (25, 'Sha tin', 7);
INSERT INTO public.geodata_state VALUES (26, 'Le havre', 19);
INSERT INTO public.geodata_state VALUES (27, 'Paris', 19);
INSERT INTO public.geodata_state VALUES (28, 'Algeciras', 22);
INSERT INTO public.geodata_state VALUES (29, 'Berlin', 20);
INSERT INTO public.geodata_state VALUES (30, 'Kleinmachnow ', 20);
INSERT INTO public.geodata_state VALUES (31, 'Amberes', 21);
INSERT INTO public.geodata_state VALUES (32, 'Amsterdam', 23);
INSERT INTO public.geodata_state VALUES (33, 'Rotterdam', 23);
INSERT INTO public.geodata_state VALUES (34, 'Lisboa', 24);
INSERT INTO public.geodata_state VALUES (35, 'Madrid', 22);
INSERT INTO public.geodata_state VALUES (36, 'Abu dabi', 16);
INSERT INTO public.geodata_state VALUES (37, 'Doha', 26);
INSERT INTO public.geodata_state VALUES (38, 'Kuwait', 39);
INSERT INTO public.geodata_state VALUES (39, 'Bahrein', 28);
INSERT INTO public.geodata_state VALUES (40, 'Tokio', 3);
INSERT INTO public.geodata_state VALUES (41, 'Yokohama', 3);
INSERT INTO public.geodata_state VALUES (42, 'Kobe', 3);
INSERT INTO public.geodata_state VALUES (43, 'Hakata', 3);
INSERT INTO public.geodata_state VALUES (44, 'Calgary', 4);
INSERT INTO public.geodata_state VALUES (45, 'Liege', 21);
INSERT INTO public.geodata_state VALUES (46, 'Amberes', 22);
INSERT INTO public.geodata_state VALUES (47, 'Montreal ', 4);
INSERT INTO public.geodata_state VALUES (48, 'British columbia', 4);
INSERT INTO public.geodata_state VALUES (49, 'Alberta', 4);
INSERT INTO public.geodata_state VALUES (50, 'Narita', 3);
INSERT INTO public.geodata_state VALUES (51, 'Dammam, arabia saudita ', 25);
INSERT INTO public.geodata_state VALUES (52, 'Kowloon', 7);
INSERT INTO public.geodata_state VALUES (53, 'Hong kong ', 7);
INSERT INTO public.geodata_state VALUES (54, 'Kuala lumpur', 30);
INSERT INTO public.geodata_state VALUES (55, 'Antwerp', 21);
INSERT INTO public.geodata_state VALUES (56, 'Mendoza', 13);
INSERT INTO public.geodata_state VALUES (57, 'Malaga', 22);
INSERT INTO public.geodata_state VALUES (58, 'Lieja', 22);
INSERT INTO public.geodata_state VALUES (59, 'Tomakomai', 3);
INSERT INTO public.geodata_state VALUES (60, 'London heathrow airport', 5);
INSERT INTO public.geodata_state VALUES (61, 'Frankfurt', 20);
INSERT INTO public.geodata_state VALUES (62, 'Oberding / schwaig', 20);
INSERT INTO public.geodata_state VALUES (63, 'Dubai', 41);
INSERT INTO public.geodata_state VALUES (64, 'Vancouver', 4);
INSERT INTO public.geodata_state VALUES (65, 'Verona, italia', 33);
INSERT INTO public.geodata_state VALUES (66, 'Milano, italia', 33);
INSERT INTO public.geodata_state VALUES (67, 'Uruguay', 43);
INSERT INTO public.geodata_state VALUES (68, 'Alabama', 38);
INSERT INTO public.geodata_state VALUES (69, 'Alaska', 38);
INSERT INTO public.geodata_state VALUES (70, 'Arizona', 38);
INSERT INTO public.geodata_state VALUES (71, 'Arkansas', 38);
INSERT INTO public.geodata_state VALUES (72, 'California', 38);
INSERT INTO public.geodata_state VALUES (73, 'Carolina del norte', 38);
INSERT INTO public.geodata_state VALUES (74, 'Carolina del sur ', 38);
INSERT INTO public.geodata_state VALUES (75, 'Colorado ', 38);
INSERT INTO public.geodata_state VALUES (76, 'Connecticut', 38);
INSERT INTO public.geodata_state VALUES (77, 'Dakota del norte', 38);
INSERT INTO public.geodata_state VALUES (78, 'Dakota del sur', 38);
INSERT INTO public.geodata_state VALUES (79, 'Delaware ', 38);
INSERT INTO public.geodata_state VALUES (80, 'Florida', 38);
INSERT INTO public.geodata_state VALUES (81, 'Georgia', 38);
INSERT INTO public.geodata_state VALUES (82, 'Hawái', 38);
INSERT INTO public.geodata_state VALUES (83, 'Idaho', 38);
INSERT INTO public.geodata_state VALUES (84, 'Illinois', 38);
INSERT INTO public.geodata_state VALUES (85, 'Indiana', 38);
INSERT INTO public.geodata_state VALUES (86, 'Iowa', 38);
INSERT INTO public.geodata_state VALUES (87, 'Kansas', 38);
INSERT INTO public.geodata_state VALUES (88, 'Kentucky', 38);
INSERT INTO public.geodata_state VALUES (89, 'Luisiana', 38);
INSERT INTO public.geodata_state VALUES (90, 'Maine', 38);
INSERT INTO public.geodata_state VALUES (91, 'Maryland', 38);
INSERT INTO public.geodata_state VALUES (92, 'Massachusetts', 38);
INSERT INTO public.geodata_state VALUES (93, 'Míchigan', 38);
INSERT INTO public.geodata_state VALUES (94, 'Minnesota', 38);
INSERT INTO public.geodata_state VALUES (95, 'Misisipi', 38);
INSERT INTO public.geodata_state VALUES (96, 'Misuri ', 38);
INSERT INTO public.geodata_state VALUES (97, 'Montana', 38);
INSERT INTO public.geodata_state VALUES (98, 'Nebraska', 38);
INSERT INTO public.geodata_state VALUES (99, 'Nevada', 38);
INSERT INTO public.geodata_state VALUES (100, 'Nueva jersey', 38);
INSERT INTO public.geodata_state VALUES (101, 'Nueva york', 38);
INSERT INTO public.geodata_state VALUES (102, 'Nuevo hampshire', 38);
INSERT INTO public.geodata_state VALUES (103, 'Nuevo méxico ', 38);
INSERT INTO public.geodata_state VALUES (104, 'Ohio', 38);
INSERT INTO public.geodata_state VALUES (105, 'Oklahoma', 38);
INSERT INTO public.geodata_state VALUES (106, 'Oregón', 38);
INSERT INTO public.geodata_state VALUES (107, 'Pensilvania', 38);
INSERT INTO public.geodata_state VALUES (108, 'Rhode island', 38);
INSERT INTO public.geodata_state VALUES (109, 'Tennessee', 38);
INSERT INTO public.geodata_state VALUES (110, 'Texas', 38);
INSERT INTO public.geodata_state VALUES (111, 'Utah', 38);
INSERT INTO public.geodata_state VALUES (112, 'Vermont', 38);
INSERT INTO public.geodata_state VALUES (113, 'Virginia', 38);
INSERT INTO public.geodata_state VALUES (114, 'Virginia occidental', 38);
INSERT INTO public.geodata_state VALUES (115, 'Washington ', 38);
INSERT INTO public.geodata_state VALUES (116, 'Wisconsin', 38);
INSERT INTO public.geodata_state VALUES (117, 'Wyoming', 38);
INSERT INTO public.geodata_state VALUES (118, 'London', 5);
INSERT INTO public.geodata_state VALUES (119, 'Selangor', 30);
INSERT INTO public.geodata_state VALUES (120, 'Jeddah', 25);
INSERT INTO public.geodata_state VALUES (121, 'Okinawa', 3);
INSERT INTO public.geodata_state VALUES (122, 'Sandweiler', 44);
INSERT INTO public.geodata_state VALUES (123, 'Saskatchewan', 4);
INSERT INTO public.geodata_state VALUES (124, ' kuwait', 27);


--
-- Name: accounts_customuser_id_seq; Type: SEQUENCE SET; Schema: public; Owner: postgres
--

SELECT pg_catalog.setval('public.accounts_customuser_id_seq', 17, true);


--
-- Name: auth_group_id_seq; Type: SEQUENCE SET; Schema: public; Owner: postgres
--

SELECT pg_catalog.setval('public.auth_group_id_seq', 1, false);


--
-- Name: auth_group_permissions_id_seq; Type: SEQUENCE SET; Schema: public; Owner: postgres
--

SELECT pg_catalog.setval('public.auth_group_permissions_id_seq', 1, false);


--
-- Name: auth_permission_id_seq; Type: SEQUENCE SET; Schema: public; Owner: postgres
--

SELECT pg_catalog.setval('public.auth_permission_id_seq', 68, true);


--
-- Name: django_admin_log_id_seq; Type: SEQUENCE SET; Schema: public; Owner: postgres
--

SELECT pg_catalog.setval('public.django_admin_log_id_seq', 101, true);


--
-- Name: django_content_type_id_seq; Type: SEQUENCE SET; Schema: public; Owner: postgres
--

SELECT pg_catalog.setval('public.django_content_type_id_seq', 17, true);


--
-- Name: django_migrations_id_seq; Type: SEQUENCE SET; Schema: public; Owner: postgres
--

SELECT pg_catalog.setval('public.django_migrations_id_seq', 33, true);


--
-- Name: events_activity_id_seq; Type: SEQUENCE SET; Schema: public; Owner: postgres
--

SELECT pg_catalog.setval('public.events_activity_id_seq', 31, true);


--
-- Name: events_event_id_seq; Type: SEQUENCE SET; Schema: public; Owner: postgres
--

SELECT pg_catalog.setval('public.events_event_id_seq', 2, true);


--
-- Name: events_images_id_seq; Type: SEQUENCE SET; Schema: public; Owner: postgres
--

SELECT pg_catalog.setval('public.events_images_id_seq', 2, true);


--
-- Name: events_room_id_seq; Type: SEQUENCE SET; Schema: public; Owner: postgres
--

SELECT pg_catalog.setval('public.events_room_id_seq', 4, true);


--
-- Name: events_schedule_id_seq; Type: SEQUENCE SET; Schema: public; Owner: postgres
--

SELECT pg_catalog.setval('public.events_schedule_id_seq', 5, true);


--
-- Name: events_sponsor_id_seq; Type: SEQUENCE SET; Schema: public; Owner: postgres
--

SELECT pg_catalog.setval('public.events_sponsor_id_seq', 11, true);


--
-- Name: geodata_country_id_seq; Type: SEQUENCE SET; Schema: public; Owner: postgres
--

SELECT pg_catalog.setval('public.geodata_country_id_seq', 44, true);


--
-- Name: geodata_municipality_id_seq; Type: SEQUENCE SET; Schema: public; Owner: postgres
--

SELECT pg_catalog.setval('public.geodata_municipality_id_seq', 717, true);


--
-- Name: geodata_state_id_seq; Type: SEQUENCE SET; Schema: public; Owner: postgres
--

SELECT pg_catalog.setval('public.geodata_state_id_seq', 124, true);


--
-- Name: accounts_customuser accounts_customuser_email_key; Type: CONSTRAINT; Schema: public; Owner: postgres
--

ALTER TABLE ONLY public.accounts_customuser
    ADD CONSTRAINT accounts_customuser_email_key UNIQUE (email);


--
-- Name: accounts_customuser accounts_customuser_pkey; Type: CONSTRAINT; Schema: public; Owner: postgres
--

ALTER TABLE ONLY public.accounts_customuser
    ADD CONSTRAINT accounts_customuser_pkey PRIMARY KEY (id);


--
-- Name: auth_group auth_group_name_key; Type: CONSTRAINT; Schema: public; Owner: postgres
--

ALTER TABLE ONLY public.auth_group
    ADD CONSTRAINT auth_group_name_key UNIQUE (name);


--
-- Name: auth_group_permissions auth_group_permissions_group_id_permission_id_0cd325b0_uniq; Type: CONSTRAINT; Schema: public; Owner: postgres
--

ALTER TABLE ONLY public.auth_group_permissions
    ADD CONSTRAINT auth_group_permissions_group_id_permission_id_0cd325b0_uniq UNIQUE (group_id, permission_id);


--
-- Name: auth_group_permissions auth_group_permissions_pkey; Type: CONSTRAINT; Schema: public; Owner: postgres
--

ALTER TABLE ONLY public.auth_group_permissions
    ADD CONSTRAINT auth_group_permissions_pkey PRIMARY KEY (id);


--
-- Name: auth_group auth_group_pkey; Type: CONSTRAINT; Schema: public; Owner: postgres
--

ALTER TABLE ONLY public.auth_group
    ADD CONSTRAINT auth_group_pkey PRIMARY KEY (id);


--
-- Name: auth_permission auth_permission_content_type_id_codename_01ab375a_uniq; Type: CONSTRAINT; Schema: public; Owner: postgres
--

ALTER TABLE ONLY public.auth_permission
    ADD CONSTRAINT auth_permission_content_type_id_codename_01ab375a_uniq UNIQUE (content_type_id, codename);


--
-- Name: auth_permission auth_permission_pkey; Type: CONSTRAINT; Schema: public; Owner: postgres
--

ALTER TABLE ONLY public.auth_permission
    ADD CONSTRAINT auth_permission_pkey PRIMARY KEY (id);


--
-- Name: authtoken_token authtoken_token_pkey; Type: CONSTRAINT; Schema: public; Owner: postgres
--

ALTER TABLE ONLY public.authtoken_token
    ADD CONSTRAINT authtoken_token_pkey PRIMARY KEY (key);


--
-- Name: authtoken_token authtoken_token_user_id_key; Type: CONSTRAINT; Schema: public; Owner: postgres
--

ALTER TABLE ONLY public.authtoken_token
    ADD CONSTRAINT authtoken_token_user_id_key UNIQUE (user_id);


--
-- Name: django_admin_log django_admin_log_pkey; Type: CONSTRAINT; Schema: public; Owner: postgres
--

ALTER TABLE ONLY public.django_admin_log
    ADD CONSTRAINT django_admin_log_pkey PRIMARY KEY (id);


--
-- Name: django_content_type django_content_type_app_label_model_76bd3d3b_uniq; Type: CONSTRAINT; Schema: public; Owner: postgres
--

ALTER TABLE ONLY public.django_content_type
    ADD CONSTRAINT django_content_type_app_label_model_76bd3d3b_uniq UNIQUE (app_label, model);


--
-- Name: django_content_type django_content_type_pkey; Type: CONSTRAINT; Schema: public; Owner: postgres
--

ALTER TABLE ONLY public.django_content_type
    ADD CONSTRAINT django_content_type_pkey PRIMARY KEY (id);


--
-- Name: django_migrations django_migrations_pkey; Type: CONSTRAINT; Schema: public; Owner: postgres
--

ALTER TABLE ONLY public.django_migrations
    ADD CONSTRAINT django_migrations_pkey PRIMARY KEY (id);


--
-- Name: django_session django_session_pkey; Type: CONSTRAINT; Schema: public; Owner: postgres
--

ALTER TABLE ONLY public.django_session
    ADD CONSTRAINT django_session_pkey PRIMARY KEY (session_key);


--
-- Name: events_activity events_activity_pkey; Type: CONSTRAINT; Schema: public; Owner: postgres
--

ALTER TABLE ONLY public.events_activity
    ADD CONSTRAINT events_activity_pkey PRIMARY KEY (id);


--
-- Name: events_event events_event_pkey; Type: CONSTRAINT; Schema: public; Owner: postgres
--

ALTER TABLE ONLY public.events_event
    ADD CONSTRAINT events_event_pkey PRIMARY KEY (id);


--
-- Name: events_images events_images_pkey; Type: CONSTRAINT; Schema: public; Owner: postgres
--

ALTER TABLE ONLY public.events_images
    ADD CONSTRAINT events_images_pkey PRIMARY KEY (id);


--
-- Name: events_room events_room_pkey; Type: CONSTRAINT; Schema: public; Owner: postgres
--

ALTER TABLE ONLY public.events_room
    ADD CONSTRAINT events_room_pkey PRIMARY KEY (id);


--
-- Name: events_schedule events_schedule_pkey; Type: CONSTRAINT; Schema: public; Owner: postgres
--

ALTER TABLE ONLY public.events_schedule
    ADD CONSTRAINT events_schedule_pkey PRIMARY KEY (id);


--
-- Name: events_schedule events_schedule_user_id_activity_id_13c052fa_uniq; Type: CONSTRAINT; Schema: public; Owner: postgres
--

ALTER TABLE ONLY public.events_schedule
    ADD CONSTRAINT events_schedule_user_id_activity_id_13c052fa_uniq UNIQUE (user_id, activity_id);


--
-- Name: events_sponsor events_sponsor_pkey; Type: CONSTRAINT; Schema: public; Owner: postgres
--

ALTER TABLE ONLY public.events_sponsor
    ADD CONSTRAINT events_sponsor_pkey PRIMARY KEY (id);


--
-- Name: geodata_country geodata_country_pkey; Type: CONSTRAINT; Schema: public; Owner: postgres
--

ALTER TABLE ONLY public.geodata_country
    ADD CONSTRAINT geodata_country_pkey PRIMARY KEY (id);


--
-- Name: geodata_municipality geodata_municipality_pkey; Type: CONSTRAINT; Schema: public; Owner: postgres
--

ALTER TABLE ONLY public.geodata_municipality
    ADD CONSTRAINT geodata_municipality_pkey PRIMARY KEY (id);


--
-- Name: geodata_state geodata_state_pkey; Type: CONSTRAINT; Schema: public; Owner: postgres
--

ALTER TABLE ONLY public.geodata_state
    ADD CONSTRAINT geodata_state_pkey PRIMARY KEY (id);


--
-- Name: accounts_customuser_country_id_d45f6101; Type: INDEX; Schema: public; Owner: postgres
--

CREATE INDEX accounts_customuser_country_id_d45f6101 ON public.accounts_customuser USING btree (country_id);


--
-- Name: accounts_customuser_email_4fd8e7ce_like; Type: INDEX; Schema: public; Owner: postgres
--

CREATE INDEX accounts_customuser_email_4fd8e7ce_like ON public.accounts_customuser USING btree (email varchar_pattern_ops);


--
-- Name: accounts_customuser_municipality_id_e5b2a03b; Type: INDEX; Schema: public; Owner: postgres
--

CREATE INDEX accounts_customuser_municipality_id_e5b2a03b ON public.accounts_customuser USING btree (municipality_id);


--
-- Name: accounts_customuser_state_id_a6a4ffb9; Type: INDEX; Schema: public; Owner: postgres
--

CREATE INDEX accounts_customuser_state_id_a6a4ffb9 ON public.accounts_customuser USING btree (state_id);


--
-- Name: auth_group_name_a6ea08ec_like; Type: INDEX; Schema: public; Owner: postgres
--

CREATE INDEX auth_group_name_a6ea08ec_like ON public.auth_group USING btree (name varchar_pattern_ops);


--
-- Name: auth_group_permissions_group_id_b120cbf9; Type: INDEX; Schema: public; Owner: postgres
--

CREATE INDEX auth_group_permissions_group_id_b120cbf9 ON public.auth_group_permissions USING btree (group_id);


--
-- Name: auth_group_permissions_permission_id_84c5c92e; Type: INDEX; Schema: public; Owner: postgres
--

CREATE INDEX auth_group_permissions_permission_id_84c5c92e ON public.auth_group_permissions USING btree (permission_id);


--
-- Name: auth_permission_content_type_id_2f476e4b; Type: INDEX; Schema: public; Owner: postgres
--

CREATE INDEX auth_permission_content_type_id_2f476e4b ON public.auth_permission USING btree (content_type_id);


--
-- Name: authtoken_token_key_10f0b77e_like; Type: INDEX; Schema: public; Owner: postgres
--

CREATE INDEX authtoken_token_key_10f0b77e_like ON public.authtoken_token USING btree (key varchar_pattern_ops);


--
-- Name: django_admin_log_content_type_id_c4bce8eb; Type: INDEX; Schema: public; Owner: postgres
--

CREATE INDEX django_admin_log_content_type_id_c4bce8eb ON public.django_admin_log USING btree (content_type_id);


--
-- Name: django_admin_log_user_id_c564eba6; Type: INDEX; Schema: public; Owner: postgres
--

CREATE INDEX django_admin_log_user_id_c564eba6 ON public.django_admin_log USING btree (user_id);


--
-- Name: django_session_expire_date_a5c62663; Type: INDEX; Schema: public; Owner: postgres
--

CREATE INDEX django_session_expire_date_a5c62663 ON public.django_session USING btree (expire_date);


--
-- Name: django_session_session_key_c0390e0f_like; Type: INDEX; Schema: public; Owner: postgres
--

CREATE INDEX django_session_session_key_c0390e0f_like ON public.django_session USING btree (session_key varchar_pattern_ops);


--
-- Name: events_activity_event_id_735f1f43; Type: INDEX; Schema: public; Owner: postgres
--

CREATE INDEX events_activity_event_id_735f1f43 ON public.events_activity USING btree (event_id);


--
-- Name: events_activity_room_id_776a9d38; Type: INDEX; Schema: public; Owner: postgres
--

CREATE INDEX events_activity_room_id_776a9d38 ON public.events_activity USING btree (room_id);


--
-- Name: events_activity_slug_768916a1; Type: INDEX; Schema: public; Owner: postgres
--

CREATE INDEX events_activity_slug_768916a1 ON public.events_activity USING btree (slug);


--
-- Name: events_activity_slug_768916a1_like; Type: INDEX; Schema: public; Owner: postgres
--

CREATE INDEX events_activity_slug_768916a1_like ON public.events_activity USING btree (slug varchar_pattern_ops);


--
-- Name: events_images_event_id_bf9a4f35; Type: INDEX; Schema: public; Owner: postgres
--

CREATE INDEX events_images_event_id_bf9a4f35 ON public.events_images USING btree (event_id);


--
-- Name: events_room_event_id_decb5066; Type: INDEX; Schema: public; Owner: postgres
--

CREATE INDEX events_room_event_id_decb5066 ON public.events_room USING btree (event_id);


--
-- Name: events_schedule_activity_id_d2e784a3; Type: INDEX; Schema: public; Owner: postgres
--

CREATE INDEX events_schedule_activity_id_d2e784a3 ON public.events_schedule USING btree (activity_id);


--
-- Name: events_schedule_user_id_a4d19250; Type: INDEX; Schema: public; Owner: postgres
--

CREATE INDEX events_schedule_user_id_a4d19250 ON public.events_schedule USING btree (user_id);


--
-- Name: events_sponsor_event_id_8b999f03; Type: INDEX; Schema: public; Owner: postgres
--

CREATE INDEX events_sponsor_event_id_8b999f03 ON public.events_sponsor USING btree (event_id);


--
-- Name: geodata_municipality_state_id_42319797; Type: INDEX; Schema: public; Owner: postgres
--

CREATE INDEX geodata_municipality_state_id_42319797 ON public.geodata_municipality USING btree (state_id);


--
-- Name: geodata_state_country_id_acbf2d66; Type: INDEX; Schema: public; Owner: postgres
--

CREATE INDEX geodata_state_country_id_acbf2d66 ON public.geodata_state USING btree (country_id);


--
-- Name: accounts_customuser accounts_customuser_country_id_d45f6101_fk_geodata_country_id; Type: FK CONSTRAINT; Schema: public; Owner: postgres
--

ALTER TABLE ONLY public.accounts_customuser
    ADD CONSTRAINT accounts_customuser_country_id_d45f6101_fk_geodata_country_id FOREIGN KEY (country_id) REFERENCES public.geodata_country(id) DEFERRABLE INITIALLY DEFERRED;


--
-- Name: accounts_customuser accounts_customuser_municipality_id_e5b2a03b_fk_geodata_m; Type: FK CONSTRAINT; Schema: public; Owner: postgres
--

ALTER TABLE ONLY public.accounts_customuser
    ADD CONSTRAINT accounts_customuser_municipality_id_e5b2a03b_fk_geodata_m FOREIGN KEY (municipality_id) REFERENCES public.geodata_municipality(id) DEFERRABLE INITIALLY DEFERRED;


--
-- Name: accounts_customuser accounts_customuser_state_id_a6a4ffb9_fk_geodata_state_id; Type: FK CONSTRAINT; Schema: public; Owner: postgres
--

ALTER TABLE ONLY public.accounts_customuser
    ADD CONSTRAINT accounts_customuser_state_id_a6a4ffb9_fk_geodata_state_id FOREIGN KEY (state_id) REFERENCES public.geodata_state(id) DEFERRABLE INITIALLY DEFERRED;


--
-- Name: auth_group_permissions auth_group_permissio_permission_id_84c5c92e_fk_auth_perm; Type: FK CONSTRAINT; Schema: public; Owner: postgres
--

ALTER TABLE ONLY public.auth_group_permissions
    ADD CONSTRAINT auth_group_permissio_permission_id_84c5c92e_fk_auth_perm FOREIGN KEY (permission_id) REFERENCES public.auth_permission(id) DEFERRABLE INITIALLY DEFERRED;


--
-- Name: auth_group_permissions auth_group_permissions_group_id_b120cbf9_fk_auth_group_id; Type: FK CONSTRAINT; Schema: public; Owner: postgres
--

ALTER TABLE ONLY public.auth_group_permissions
    ADD CONSTRAINT auth_group_permissions_group_id_b120cbf9_fk_auth_group_id FOREIGN KEY (group_id) REFERENCES public.auth_group(id) DEFERRABLE INITIALLY DEFERRED;


--
-- Name: auth_permission auth_permission_content_type_id_2f476e4b_fk_django_co; Type: FK CONSTRAINT; Schema: public; Owner: postgres
--

ALTER TABLE ONLY public.auth_permission
    ADD CONSTRAINT auth_permission_content_type_id_2f476e4b_fk_django_co FOREIGN KEY (content_type_id) REFERENCES public.django_content_type(id) DEFERRABLE INITIALLY DEFERRED;


--
-- Name: authtoken_token authtoken_token_user_id_35299eff_fk_accounts_customuser_id; Type: FK CONSTRAINT; Schema: public; Owner: postgres
--

ALTER TABLE ONLY public.authtoken_token
    ADD CONSTRAINT authtoken_token_user_id_35299eff_fk_accounts_customuser_id FOREIGN KEY (user_id) REFERENCES public.accounts_customuser(id) DEFERRABLE INITIALLY DEFERRED;


--
-- Name: django_admin_log django_admin_log_content_type_id_c4bce8eb_fk_django_co; Type: FK CONSTRAINT; Schema: public; Owner: postgres
--

ALTER TABLE ONLY public.django_admin_log
    ADD CONSTRAINT django_admin_log_content_type_id_c4bce8eb_fk_django_co FOREIGN KEY (content_type_id) REFERENCES public.django_content_type(id) DEFERRABLE INITIALLY DEFERRED;


--
-- Name: django_admin_log django_admin_log_user_id_c564eba6_fk_accounts_customuser_id; Type: FK CONSTRAINT; Schema: public; Owner: postgres
--

ALTER TABLE ONLY public.django_admin_log
    ADD CONSTRAINT django_admin_log_user_id_c564eba6_fk_accounts_customuser_id FOREIGN KEY (user_id) REFERENCES public.accounts_customuser(id) DEFERRABLE INITIALLY DEFERRED;


--
-- Name: events_activity events_activity_event_id_735f1f43_fk_events_event_id; Type: FK CONSTRAINT; Schema: public; Owner: postgres
--

ALTER TABLE ONLY public.events_activity
    ADD CONSTRAINT events_activity_event_id_735f1f43_fk_events_event_id FOREIGN KEY (event_id) REFERENCES public.events_event(id) DEFERRABLE INITIALLY DEFERRED;


--
-- Name: events_activity events_activity_room_id_776a9d38_fk_events_room_id; Type: FK CONSTRAINT; Schema: public; Owner: postgres
--

ALTER TABLE ONLY public.events_activity
    ADD CONSTRAINT events_activity_room_id_776a9d38_fk_events_room_id FOREIGN KEY (room_id) REFERENCES public.events_room(id) DEFERRABLE INITIALLY DEFERRED;


--
-- Name: events_images events_images_event_id_bf9a4f35_fk_events_event_id; Type: FK CONSTRAINT; Schema: public; Owner: postgres
--

ALTER TABLE ONLY public.events_images
    ADD CONSTRAINT events_images_event_id_bf9a4f35_fk_events_event_id FOREIGN KEY (event_id) REFERENCES public.events_event(id) DEFERRABLE INITIALLY DEFERRED;


--
-- Name: events_room events_room_event_id_decb5066_fk_events_event_id; Type: FK CONSTRAINT; Schema: public; Owner: postgres
--

ALTER TABLE ONLY public.events_room
    ADD CONSTRAINT events_room_event_id_decb5066_fk_events_event_id FOREIGN KEY (event_id) REFERENCES public.events_event(id) DEFERRABLE INITIALLY DEFERRED;


--
-- Name: events_schedule events_schedule_activity_id_d2e784a3_fk_events_activity_id; Type: FK CONSTRAINT; Schema: public; Owner: postgres
--

ALTER TABLE ONLY public.events_schedule
    ADD CONSTRAINT events_schedule_activity_id_d2e784a3_fk_events_activity_id FOREIGN KEY (activity_id) REFERENCES public.events_activity(id) DEFERRABLE INITIALLY DEFERRED;


--
-- Name: events_schedule events_schedule_user_id_a4d19250_fk_accounts_customuser_id; Type: FK CONSTRAINT; Schema: public; Owner: postgres
--

ALTER TABLE ONLY public.events_schedule
    ADD CONSTRAINT events_schedule_user_id_a4d19250_fk_accounts_customuser_id FOREIGN KEY (user_id) REFERENCES public.accounts_customuser(id) DEFERRABLE INITIALLY DEFERRED;


--
-- Name: events_sponsor events_sponsor_event_id_8b999f03_fk_events_event_id; Type: FK CONSTRAINT; Schema: public; Owner: postgres
--

ALTER TABLE ONLY public.events_sponsor
    ADD CONSTRAINT events_sponsor_event_id_8b999f03_fk_events_event_id FOREIGN KEY (event_id) REFERENCES public.events_event(id) DEFERRABLE INITIALLY DEFERRED;


--
-- Name: geodata_municipality geodata_municipality_state_id_42319797_fk_geodata_state_id; Type: FK CONSTRAINT; Schema: public; Owner: postgres
--

ALTER TABLE ONLY public.geodata_municipality
    ADD CONSTRAINT geodata_municipality_state_id_42319797_fk_geodata_state_id FOREIGN KEY (state_id) REFERENCES public.geodata_state(id) DEFERRABLE INITIALLY DEFERRED;


--
-- Name: geodata_state geodata_state_country_id_acbf2d66_fk_geodata_country_id; Type: FK CONSTRAINT; Schema: public; Owner: postgres
--

ALTER TABLE ONLY public.geodata_state
    ADD CONSTRAINT geodata_state_country_id_acbf2d66_fk_geodata_country_id FOREIGN KEY (country_id) REFERENCES public.geodata_country(id) DEFERRABLE INITIALLY DEFERRED;


--
-- PostgreSQL database dump complete
--

